permalink,name,category_list,status,country_code,founded_at,company_permalink,funding_round_type,funded_at,raised_amount_usd,main_sector
365scores,365Scores,Android,operating,GBR,01-01-2008,365scores,venture,29-09-2014,5500000.0,"Social, Finance, Analytics, Advertising"
7digital,7digital,Content Creators,acquired,GBR,01-01-2004,7digital,venture,01-01-2008,8468328.0,Entertainment
7digital,7digital,Content Creators,acquired,GBR,01-01-2004,7digital,venture,19-10-2012,10000000.0,Entertainment
90min,90min,Media,operating,GBR,01-01-2011,90min,venture,06-10-2015,15000000.0,Entertainment
90min,90min,Media,operating,GBR,01-01-2011,90min,venture,07-05-2013,5800000.0,Entertainment
abcodia,Abcodia,Biotechnology,operating,GBR,01-01-2010,abcodia,venture,18-05-2015,8259067.0,Cleantech / Semiconductors
acacia-pharma,Acacia Pharma,Biotechnology,operating,GBR,01-01-2006,acacia-pharma,venture,31-03-2011,10000000.0,Cleantech / Semiconductors
acal-energy,ACAL Energy,Clean Technology,operating,GBR,01-08-2004,acal-energy,venture,15-06-2011,9910333.0,Cleantech / Semiconductors
acal-enterprise-solutions,Acal Enterprise Solutions,Information Technology,operating,GBR,01-01-1990,acal-enterprise-solutions,venture,03-06-2014,10720178.0,"Social, Finance, Analytics, Advertising"
accent-media-ltd,Accent Media Limited,Domains,operating,GBR,21-02-2012,accent-media-ltd,venture,01-07-2013,8300000.0,"News, Search and Messaging"
accumuli-security,Accumuli Security,Content,operating,GBR,01-01-1996,accumuli-security,venture,01-11-2010,8033458.0,Entertainment
accunostics,AccuNostics,Health Care,operating,GBR,01-01-2008,accunostics,venture,15-09-2011,6321095.0,Health
acs-clothing,ACS Clothing,E-Commerce,operating,GBR,01-01-1997,acs-clothing,venture,28-09-2015,13359377.0,Others
acs-clothing,ACS Clothing,E-Commerce,operating,GBR,01-01-1997,acs-clothing,venture,02-03-2014,12879637.0,Others
adbrain,Adbrain,Advertising,operating,GBR,01-01-2012,adbrain,venture,11-03-2014,7500000.0,"Social, Finance, Analytics, Advertising"
adinsight,ResponseTap,Advertising,operating,GBR,01-06-2008,adinsight,venture,07-05-2014,6772812.0,"Social, Finance, Analytics, Advertising"
adjug,Adjug,Advertising,acquired,GBR,01-01-2007,adjug,venture,01-03-2008,6500000.0,"Social, Finance, Analytics, Advertising"
aea-technology,AEA Technology,Clean Technology,acquired,GBR,,aea-technology,venture,28-08-2008,6500000.0,Cleantech / Semiconductors
aepona,Aepona,Web Hosting,acquired,GBR,01-01-1999,aepona,venture,30-06-2010,10000000.0,Others
aepona,Aepona,Web Hosting,acquired,GBR,01-01-1999,aepona,venture,05-02-2007,10000000.0,Others
aihit,aiHit,Analytics,acquired,GBR,01-01-2007,aihit,venture,07-10-2011,5500000.0,"Social, Finance, Analytics, Advertising"
alfresco,Alfresco,Document Management,operating,GBR,01-01-2005,alfresco,venture,22-01-2008,13000000.0,Others
alfresco,Alfresco,Document Management,operating,GBR,01-01-2005,alfresco,venture,08-02-2006,8000000.0,Others
almondy,Almondy,Hospitality,operating,GBR,01-01-1992,almondy,venture,22-03-2005,5407412.0,Others
alphamosaic-ltd,Alphamosaic,Video,acquired,GBR,,alphamosaic-ltd,venture,21-05-2003,12000000.0,Entertainment
amee,AMEE,Carbon,acquired,GBR,01-01-2007,amee,venture,08-02-2010,5500000.0,Cleantech / Semiconductors
amino-communications,Amino Communications,Entertainment,operating,GBR,01-01-1997,amino-communications,venture,21-11-2003,8505908.0,Entertainment
amplience,Amplience,Brand Marketing,operating,GBR,01-01-2008,amplience,venture,19-11-2015,8000000.0,"Social, Finance, Analytics, Advertising"
amplience,Amplience,Brand Marketing,operating,GBR,01-01-2008,amplience,venture,26-03-2015,10500000.0,"Social, Finance, Analytics, Advertising"
amplience,Amplience,Brand Marketing,operating,GBR,01-01-2008,amplience,venture,30-07-2013,5700000.0,"Social, Finance, Analytics, Advertising"
ancoa-software,Ancoa Software,Big Data Analytics,operating,GBR,10-05-2010,ancoa-software,venture,21-09-2015,6367595.0,"Social, Finance, Analytics, Advertising"
antenna-software,Antenna Software,Software,acquired,GBR,01-01-1998,antenna-software,venture,25-06-2010,6374457.0,Others
antenova,Antenova,Hardware + Software,operating,GBR,01-01-1999,antenova,venture,06-06-2007,10000000.0,Manufacturing
antenova,Antenova,Hardware + Software,operating,GBR,01-01-1999,antenova,venture,20-01-2005,12000000.0,Manufacturing
antenova,Antenova,Hardware + Software,operating,GBR,01-01-1999,antenova,venture,21-10-2008,6500000.0,Manufacturing
aomi,AOMi,Software,operating,GBR,01-01-2005,aomi,venture,18-03-2014,7576257.0,Others
apitope,Apitope,Biotechnology,operating,GBR,01-01-2002,apitope,venture,29-09-2015,13456610.0,Cleantech / Semiconductors
appear-here,Appear Here,Brand Marketing,operating,GBR,01-01-2013,appear-here,venture,26-11-2014,7500000.0,"Social, Finance, Analytics, Advertising"
applied-superconductor,Applied Superconductor,Semiconductors,operating,GBR,,applied-superconductor,venture,17-06-2011,5933707.0,Cleantech / Semiconductors
apsu,APSU,Web Hosting,operating,GBR,01-01-1989,apsu,venture,23-10-2014,11200000.0,Others
arkex,ARKeX,Consulting,operating,GBR,01-01-2004,arkex,venture,14-12-2005,8860386.0,"Social, Finance, Analytics, Advertising"
artesian-solutions,Artesian Solutions,Banking,operating,GBR,01-02-2006,artesian-solutions,venture,19-06-2015,8000000.0,"Social, Finance, Analytics, Advertising"
arvia-technology,Arvia Technology,Clean Technology,operating,GBR,01-01-2007,arvia-technology,venture,16-04-2012,6015704.0,Cleantech / Semiconductors
arvia-technology,Arvia Technology,Clean Technology,operating,GBR,01-01-2007,arvia-technology,venture,01-04-2015,5928678.0,Cleantech / Semiconductors
aspex-semiconductor,Aspex Semiconductor,Semiconductors,operating,GBR,,aspex-semiconductor,venture,16-04-2004,10000000.0,Cleantech / Semiconductors
astleyclarke,Astley Clarke,Fashion,operating,GBR,01-01-1996,astleyclarke,venture,30-06-2008,5473908.0,Entertainment
atg-media-the-saleroom,ATG Media (The Saleroom),Auctions,operating,GBR,01-01-2012,atg-media-the-saleroom,venture,28-04-2013,6963750.0,"Social, Finance, Analytics, Advertising"
atraverda,Atraverda,Clean Technology,operating,GBR,01-01-2005,atraverda,venture,07-03-2007,11985783.0,Cleantech / Semiconductors
attraction-world,Attraction World,Travel,operating,GBR,,attraction-world,venture,09-12-2010,10877666.0,Entertainment
autifony-therapeutics,Autifony Therapeutics,Biotechnology,operating,GBR,01-01-2011,autifony-therapeutics,venture,04-06-2013,5500000.0,Cleantech / Semiconductors
autifony-therapeutics,Autifony Therapeutics,Biotechnology,operating,GBR,01-01-2011,autifony-therapeutics,venture,10-07-2015,12336350.0,Cleantech / Semiconductors
autoquake,Autoquake,Automotive,acquired,GBR,07-08-2005,autoquake,venture,11-05-2008,11890000.0,Automotive & Sports
autoquake,Autoquake,Automotive,acquired,GBR,07-08-2005,autoquake,venture,01-07-2006,6000000.0,Automotive & Sports
autoquake,Autoquake,Automotive,acquired,GBR,07-08-2005,autoquake,venture,01-04-2009,5755376.0,Automotive & Sports
autoquake,Autoquake,Automotive,acquired,GBR,07-08-2005,autoquake,venture,01-04-2008,11911764.0,Automotive & Sports
aveillant,Aveillant,Consulting,operating,GBR,01-10-2011,aveillant,venture,20-02-2013,10334077.0,"Social, Finance, Analytics, Advertising"
ayondo,Ayondo,Finance,operating,GBR,01-01-2008,ayondo,venture,28-04-2015,6283402.0,"Social, Finance, Analytics, Advertising"
azimo,Azimo,Curated Web,operating,GBR,29-10-2012,azimo,venture,11-03-2014,10000000.0,"News, Search and Messaging"
azure-solutions,Azure Solutions,Software,acquired,GBR,,azure-solutions,venture,16-06-2005,15000000.0,Others
bacula-systems,Bacula Systems,Software,operating,GBR,,bacula-systems,venture,09-06-2011,5000000.0,Others
barburrito,Barburrito,Hospitality,operating,GBR,,barburrito,venture,30-05-2014,6022987.0,Others
barrett-xplore,Xplornet,Web Hosting,operating,GBR,,barrett-xplore,venture,22-12-2010,10000000.0,Others
basekit-platform,BaseKit,Curated Web,operating,GBR,01-01-2008,basekit-platform,venture,13-05-2014,7000000.0,"News, Search and Messaging"
basekit-platform,BaseKit,Curated Web,operating,GBR,01-01-2008,basekit-platform,venture,03-02-2014,6818631.0,"News, Search and Messaging"
basekit-platform,BaseKit,Curated Web,operating,GBR,01-01-2008,basekit-platform,venture,29-03-2011,6500000.0,"News, Search and Messaging"
bathempire,BathEmpire,E-Commerce,operating,GBR,01-04-2009,bathempire,venture,08-07-2013,12879637.0,Others
bathrooms-com,Bathrooms.com,E-Commerce,operating,GBR,01-01-2004,bathrooms-com,venture,23-04-2012,12060066.0,Others
bigballs-media,Bigballs Media,Business Services,operating,GBR,01-01-2006,bigballs-media,venture,12-10-2015,10731588.0,"Social, Finance, Analytics, Advertising"
bigstep-com,Bigstep.com,Customer Service,operating,GBR,01-01-2013,bigstep-com,venture,25-09-2001,6500000.0,"Social, Finance, Analytics, Advertising"
biometric-security,Biometric Security,Security,operating,GBR,01-01-1996,biometric-security,venture,04-07-2006,5500000.0,Others
biomonde,Biomonde,Health and Wellness,operating,GBR,,biomonde,venture,02-06-2014,5864512.0,Health
bitstamp,Bitstamp,Bitcoin,operating,GBR,01-01-2011,bitstamp,venture,17-12-2013,10000000.0,Cleantech / Semiconductors
bizzby,BIZZBY,Software,operating,GBR,01-01-2012,bizzby,venture,31-03-2014,10000000.0,Others
blackbay,Blackbay,Enterprise Software,operating,GBR,01-01-1996,blackbay,venture,30-03-2006,6110000.0,Others
blinkbox-music,blinkbox music,Music,operating,GBR,07-05-2007,blinkbox-music,venture,01-01-2008,6000000.0,Entertainment
bluebell,Bluebell Telecom,Web Hosting,operating,GBR,,bluebell,venture,22-10-2010,6124490.0,Others
blueheath,Blueheath Holdings,Groceries,operating,GBR,,blueheath,venture,17-01-2001,6686126.0,Manufacturing
borro,Borro,Finance,operating,GBR,02-07-2008,borro,venture,04-04-2011,12072758.0,"Social, Finance, Analytics, Advertising"
bourn-hall-clinic,Bourn Hall Clinic,Biotechnology,operating,GBR,01-01-1980,bourn-hall-clinic,venture,04-02-2014,5303380.0,Cleantech / Semiconductors
bowman-power,Bowman Power,Clean Technology,operating,GBR,01-01-2004,bowman-power,venture,01-11-2012,6700000.0,Cleantech / Semiconductors
brainbow,Peak,Education,operating,GBR,01-01-2012,brainbow,venture,16-04-2015,7000000.0,Others
brandwatch,Brandwatch,Analytics,operating,GBR,01-10-2007,brandwatch,venture,15-03-2012,6000000.0,"Social, Finance, Analytics, Advertising"
bullguard,BullGuard,Software,operating,GBR,01-01-2002,bullguard,venture,09-12-2008,5000000.0,Others
busuu,Busuu,EdTech,operating,GBR,01-01-2008,busuu,venture,15-07-2015,6700000.0,Others
byyd,byyd,Advertising,operating,GBR,01-10-2008,byyd,venture,08-09-2011,7500000.0,"Social, Finance, Analytics, Advertising"
cambridge-broadband-networks,Cambridge Broadband Networks,Telecommunications,operating,GBR,01-01-2000,cambridge-broadband-networks,venture,05-02-2009,7500000.0,Others
cambridge-broadband-networks,Cambridge Broadband Networks,Telecommunications,operating,GBR,01-01-2000,cambridge-broadband-networks,venture,16-01-2006,9000000.0,Others
cambridge-communication-systems,Cambridge Communication Systems,Hardware + Software,operating,GBR,01-01-2010,cambridge-communication-systems,venture,24-03-2013,6832317.0,Manufacturing
cambridge-epigenetix,Cambridge Epigenetix,Biotechnology,operating,GBR,,cambridge-epigenetix,venture,29-10-2014,5500000.0,Cleantech / Semiconductors
camsemi,CamSemi,Clean Technology,operating,GBR,01-01-2002,camsemi,venture,20-05-2008,8000000.0,Cleantech / Semiconductors
camsemi,CamSemi,Clean Technology,operating,GBR,01-01-2002,camsemi,venture,07-09-2009,8190000.0,Cleantech / Semiconductors
canburg,Canburg,Furniture,operating,GBR,,canburg,venture,15-09-2014,13010774.0,Manufacturing
cantab-biopharmaceuticals,Cantab Biopharmaceuticals,Biotechnology,operating,GBR,,cantab-biopharmaceuticals,venture,25-01-2010,8100000.0,Cleantech / Semiconductors
captify,Captify,Advertising,operating,GBR,04-07-2011,captify,venture,27-06-2015,12597433.0,"Social, Finance, Analytics, Advertising"
carwow,Carwow,Automotive,operating,GBR,01-11-2010,carwow,venture,14-12-2014,7230241.0,Automotive & Sports
cell-medica,Cell Medica,Biotechnology,operating,GBR,01-01-2006,cell-medica,venture,21-09-2009,7290000.0,Cleantech / Semiconductors
cellcentric,CellCentric,Biotechnology,operating,GBR,01-01-2003,cellcentric,venture,25-06-2013,6515581.0,Cleantech / Semiconductors
celltick-technologies,Celltick Technologies,Advertising,operating,GBR,01-01-2000,celltick-technologies,venture,01-01-2011,8000000.0,"Social, Finance, Analytics, Advertising"
celltick-technologies,Celltick Technologies,Advertising,operating,GBR,01-01-2000,celltick-technologies,venture,07-11-2007,8500000.0,"Social, Finance, Analytics, Advertising"
celltick-technologies,Celltick Technologies,Advertising,operating,GBR,01-01-2000,celltick-technologies,venture,09-08-2001,10000000.0,"Social, Finance, Analytics, Advertising"
celltick-technologies,Celltick Technologies,Advertising,operating,GBR,01-01-2000,celltick-technologies,venture,07-03-2005,11000000.0,"Social, Finance, Analytics, Advertising"
celoxica,Celoxica,Hardware + Software,operating,GBR,01-01-1996,celoxica,venture,24-10-2005,11309602.0,Manufacturing
celoxica,Celoxica,Hardware + Software,operating,GBR,01-01-1996,celoxica,venture,06-01-2007,5837089.0,Manufacturing
centrix-software,Centrix Software,Cloud Computing,operating,GBR,01-01-2008,centrix-software,venture,30-08-2011,10000000.0,"News, Search and Messaging"
certivox,CertiVox,Information Services,operating,GBR,01-03-2009,certivox,venture,01-05-2014,8000000.0,"Social, Finance, Analytics, Advertising"
chargemaster,Chargemaster,Automotive,operating,GBR,,chargemaster,venture,14-07-2014,5133089.0,Automotive & Sports
chemistdirect,ChemistDirect,E-Commerce,operating,GBR,01-01-2007,chemistdirect,venture,03-07-2013,10000000.0,Others
citel-technologies,Citel Technologies,Business Development,operating,GBR,01-01-1995,citel-technologies,venture,16-09-2004,7000000.0,"Social, Finance, Analytics, Advertising"
citymapper-limited,Citymapper Limited,Travel,operating,GBR,01-01-2011,citymapper-limited,venture,17-04-2014,10000000.0,Entertainment
clarisite,Clarisite,Software,operating,GBR,01-01-2010,clarisite,venture,24-11-2015,5500000.0,Others
clickandbuy,ClickandBuy,Curated Web,acquired,GBR,01-03-2000,clickandbuy,venture,01-11-2006,6378500.0,"News, Search and Messaging"
coco-communications,Coco Communications,Public Relations,operating,GBR,,coco-communications,venture,05-07-2012,8947666.0,"Social, Finance, Analytics, Advertising"
coco-communications,Coco Communications,Public Relations,operating,GBR,,coco-communications,venture,16-02-2015,6100000.0,"Social, Finance, Analytics, Advertising"
common-interest-communities,Common Interest Communities,Application Platforms,operating,GBR,,common-interest-communities,venture,09-07-2014,10000000.0,"News, Search and Messaging"
compound-semiconductor-technologies,Compound Semiconductor Technologies,Semiconductors,operating,GBR,01-01-1999,compound-semiconductor-technologies,venture,27-05-2009,5980000.0,Cleantech / Semiconductors
crawford-scientific,Crawford Scientific,E-Commerce,operating,GBR,,crawford-scientific,venture,22-08-2014,6469163.0,Others
credit-benchmark,Credit Benchmark,Financial Services,operating,GBR,01-01-2012,credit-benchmark,venture,09-07-2014,7000000.0,"Social, Finance, Analytics, Advertising"
creo-medical,Creo Medical,Developer Tools,operating,GBR,01-01-2003,creo-medical,venture,16-09-2015,8450000.0,"Social, Finance, Analytics, Advertising"
crescendo-biologics,Crescendo Biologics,Biotechnology,operating,GBR,,crescendo-biologics,venture,20-01-2010,7300000.0,Cleantech / Semiconductors
crowdcube,Crowdcube,Crowdfunding,operating,GBR,01-08-2010,crowdcube,venture,30-07-2015,9362857.0,"Social, Finance, Analytics, Advertising"
crowdcube,Crowdcube,Crowdfunding,operating,GBR,01-08-2010,crowdcube,venture,16-07-2014,6500000.0,"Social, Finance, Analytics, Advertising"
cytura-corp,Cytura Corp,Software,operating,GBR,,cytura-corp,venture,04-06-2001,11000000.0,Others
datacentred,DataCentred,Internet,operating,GBR,01-01-2012,datacentred,venture,28-05-2014,6730154.0,"News, Search and Messaging"
datamars,Datamars,Hardware + Software,operating,GBR,01-01-1988,datamars,venture,10-11-2006,8880000.0,Manufacturing
datanomic,Datanomic,Enterprise Software,acquired,GBR,01-01-2001,datanomic,venture,20-12-2006,6300000.0,Others
deep-secure,Deep-Secure,Security,operating,GBR,,deep-secure,venture,22-12-2009,5596159.0,Others
deltadot,deltaDOT,Life Sciences,operating,GBR,,deltadot,venture,02-10-2007,6100000.0,Others
depop,Depop,Android,operating,GBR,01-11-2011,depop,venture,29-01-2015,8000000.0,"Social, Finance, Analytics, Advertising"
digital-shadows,Digital Shadows,Analytics,operating,GBR,01-05-2011,digital-shadows,venture,11-02-2015,8000000.0,"Social, Finance, Analytics, Advertising"
diurnal,Diurnal,Biotechnology,operating,GBR,,diurnal,venture,05-08-2014,10104242.0,Cleantech / Semiconductors
duedil,DueDil,Analytics,operating,GBR,25-04-2011,duedil,venture,12-04-2013,5000000.0,"Social, Finance, Analytics, Advertising"
duncan-todd,DUNCAN & Todd,Local Businesses,operating,GBR,01-01-1972,duncan-todd,venture,10-12-2013,8485408.0,Others
dysismedical,DySISmedical,Health Care,operating,GBR,01-01-2002,dysismedical,venture,15-04-2013,11349443.0,Health
e-leathergroup,E-LeatherGroup,Textiles,operating,GBR,,e-leathergroup,venture,21-05-2014,8425073.0,Others
eatfirst,EatFirst,Consumer Goods,operating,GBR,01-08-2014,eatfirst,venture,17-11-2015,8000000.0,Manufacturing
ebookers-plc,Ebookers Plc,Travel,operating,GBR,,ebookers-plc,venture,03-10-2003,10000000.0,Entertainment
ebury-partners,Ebury,Finance,operating,GBR,01-01-2009,ebury-partners,venture,22-09-2013,5603526.0,"Social, Finance, Analytics, Advertising"
eco-plastics,Eco Plastics,Clean Technology,operating,GBR,,eco-plastics,venture,28-07-2008,11970000.0,Cleantech / Semiconductors
ecommera,OrderDynamics,Software,operating,GBR,01-01-2007,ecommera,venture,21-09-2009,8260000.0,Others
econic-technologies,Econic Technologies,Manufacturing,operating,GBR,01-01-2011,econic-technologies,venture,18-12-2013,7727782.0,Manufacturing
ecourier,eCourier.co.uk,Algorithms,acquired,GBR,18-09-2003,ecourier,venture,01-09-2007,6064606.0,Others
ecovision,Ecovision,Manufacturing,operating,GBR,,ecovision,venture,26-08-2014,5959015.0,Manufacturing
ecrebo,Ecrebo,Enterprise Software,operating,GBR,01-02-2010,ecrebo,venture,02-12-2014,6300000.0,Others
edinburgh-molecular-imaging,Edinburgh Molecular Imaging,Photography,operating,GBR,,edinburgh-molecular-imaging,venture,09-02-2014,6061005.0,Entertainment
eglue-business-technologies,Eglue Business Technologies,Software,acquired,GBR,01-01-2001,eglue-business-technologies,venture,14-04-2008,12000000.0,Others
eglue-business-technologies,Eglue Business Technologies,Software,acquired,GBR,01-01-2001,eglue-business-technologies,venture,02-07-2006,10000000.0,Others
eight19,Eight19,Semiconductors,operating,GBR,01-01-2010,eight19,venture,18-09-2010,7032007.0,Cleantech / Semiconductors
electric-cloud,Electric Cloud,Software,operating,GBR,01-01-2002,electric-cloud,venture,17-01-2007,9000000.0,Others
electric-cloud,Electric Cloud,Software,operating,GBR,01-01-2002,electric-cloud,venture,03-09-2013,8000000.0,Others
electric-cloud,Electric Cloud,Software,operating,GBR,01-01-2002,electric-cloud,venture,12-07-2004,8000000.0,Others
electric-cloud,Electric Cloud,Software,operating,GBR,01-01-2002,electric-cloud,venture,18-06-2014,12000000.0,Others
elixent,Elixent,Semiconductors,operating,GBR,01-01-2000,elixent,venture,06-04-2005,15000000.0,Cleantech / Semiconductors
elixent,Elixent,Semiconductors,operating,GBR,01-01-2000,elixent,venture,08-07-2003,10000000.0,Cleantech / Semiconductors
enecsys,Enecsys,Clean Technology,operating,GBR,01-01-2003,enecsys,venture,24-06-2009,9900000.0,Cleantech / Semiconductors
environmentiq,EnvironmentIQ,Software,operating,GBR,01-01-1988,environmentiq,venture,06-03-2006,15000000.0,Others
eseye,Eseye,Internet of Things,operating,GBR,01-10-2007,eseye,venture,29-07-2014,10520123.0,"Social, Finance, Analytics, Advertising"
etf-securities,ETF Securities,Security,operating,GBR,01-01-2003,etf-securities,venture,31-01-2007,10000000.0,Others
eusa-pharma,EUSA Pharma,Biotechnology,acquired,GBR,01-01-2006,eusa-pharma,venture,19-07-2005,13970000.0,Cleantech / Semiconductors
eusa-pharma,EUSA Pharma,Biotechnology,acquired,GBR,01-01-2006,eusa-pharma,venture,28-06-2007,9100000.0,Cleantech / Semiconductors
eusa-pharma,EUSA Pharma,Biotechnology,acquired,GBR,01-01-2006,eusa-pharma,venture,13-12-2005,12530000.0,Cleantech / Semiconductors
eutechnyx,Eutechnyx,Games,operating,GBR,01-01-1987,eutechnyx,venture,13-05-2010,8800000.0,Entertainment
exchange-lab,The Exchange Lab,Advertising,operating,GBR,01-01-2007,exchange-lab,venture,05-12-2013,8000000.0,"Social, Finance, Analytics, Advertising"
exchange-lab,The Exchange Lab,Advertising,operating,GBR,01-01-2007,exchange-lab,venture,25-07-2001,6000000.0,"Social, Finance, Analytics, Advertising"
exco-intouch,Exco InTouch,Biotechnology,operating,GBR,01-01-2004,exco-intouch,venture,11-12-2014,5000000.0,Cleantech / Semiconductors
f-star-biotechnologische-forschungs-und-entwicklungsges-m-b-h,F-star Biotechnology Limited,Biotechnology,operating,GBR,01-01-2006,f-star-biotechnologische-forschungs-und-entwicklungsges-m-b-h,venture,10-09-2007,8252906.0,Cleantech / Semiconductors
f-star-biotechnologische-forschungs-und-entwicklungsges-m-b-h,F-star Biotechnology Limited,Biotechnology,operating,GBR,01-01-2006,f-star-biotechnologische-forschungs-und-entwicklungsges-m-b-h,venture,23-10-2013,9400000.0,Cleantech / Semiconductors
f-star-biotechnologische-forschungs-und-entwicklungsges-m-b-h,F-star Biotechnology Limited,Biotechnology,operating,GBR,01-01-2006,f-star-biotechnologische-forschungs-und-entwicklungsges-m-b-h,venture,06-01-2010,11480000.0,Cleantech / Semiconductors
f2g,F2G,Biotechnology,operating,GBR,01-01-1998,f2g,venture,18-08-2008,11741756.0,Cleantech / Semiconductors
famecount,Starcount,Curated Web,operating,GBR,01-01-2010,famecount,venture,11-11-2014,7464266.0,"News, Search and Messaging"
fits-me,Fits.me,E-Commerce,acquired,GBR,01-03-2010,fits-me,venture,17-04-2013,7200000.0,Others
fits-me,Fits.me,E-Commerce,acquired,GBR,01-03-2010,fits-me,venture,24-10-2014,5300000.0,Others
flexiant,Flexiant,Enterprise Software,acquired,GBR,09-12-2009,flexiant,venture,07-04-2013,5716641.0,Others
flowline,Flowline,Clean Technology,operating,GBR,01-06-1991,flowline,venture,27-06-2014,5104587.0,Cleantech / Semiconductors
flypay,Flypay,Apps,operating,GBR,26-02-2013,flypay,venture,16-07-2015,10700000.0,"News, Search and Messaging"
fonestarz-media,FoneStarz Media,Mobile,acquired,GBR,,fonestarz-media,venture,10-04-2006,6975497.0,"News, Search and Messaging"
fotech,Fotech,Clean Technology,operating,GBR,01-01-2000,fotech,venture,26-06-2008,12911358.0,Cleantech / Semiconductors
funxional-therapeutics,Funxional Therapeutics,Biotechnology,operating,GBR,01-01-2005,funxional-therapeutics,venture,27-05-2010,12200000.0,Cleantech / Semiconductors
fuse-universal,Fuse Universal,Education,operating,GBR,01-01-2008,fuse-universal,venture,18-06-2015,10000000.0,Others
garlik,Garlik,Finance,acquired,GBR,01-01-2005,garlik,venture,01-06-2008,5000000.0,"Social, Finance, Analytics, Advertising"
garlik,Garlik,Finance,acquired,GBR,01-01-2005,garlik,venture,24-04-2006,5400000.0,"Social, Finance, Analytics, Advertising"
garlik,Garlik,Finance,acquired,GBR,01-01-2005,garlik,venture,26-04-2007,11950000.0,"Social, Finance, Analytics, Advertising"
gear4music-com,Gear4music.com,E-Commerce,operating,GBR,01-01-2003,gear4music-com,venture,21-03-2012,5385352.0,Others
geospock-ltd-,GeoSpock Ltd.,Application Platforms,operating,GBR,01-01-2013,geospock-ltd-,venture,01-10-2014,5460000.0,"News, Search and Messaging"
geospock-ltd-,GeoSpock Ltd.,Application Platforms,operating,GBR,01-01-2013,geospock-ltd-,venture,05-10-2015,5400000.0,"News, Search and Messaging"
gev-global,GEV Global,Energy,operating,GBR,01-01-1995,gev-global,venture,29-10-2015,8264273.0,Cleantech / Semiconductors
giggling-squid,Giggling Squid,Food Processing,operating,GBR,,giggling-squid,venture,16-11-2015,9742336.0,Manufacturing
global-silicon,Global Silicon,Semiconductors,operating,GBR,01-01-1997,global-silicon,venture,08-09-2005,10000000.0,Cleantech / Semiconductors
glow-digital-media,Glow Digital Media,Advertising,operating,GBR,27-03-2011,glow-digital-media,venture,22-07-2014,7000000.0,"Social, Finance, Analytics, Advertising"
glysure,GlySure,Health Care,operating,GBR,,glysure,venture,28-11-2012,13600000.0,Health
glysure,GlySure,Health Care,operating,GBR,,glysure,venture,09-01-2012,10812621.0,Health
gocardless,GoCardless,E-Commerce,operating,GBR,01-01-2011,gocardless,venture,28-01-2014,7000000.0,Others
gousto,Gousto,E-Commerce,operating,GBR,01-01-2012,gousto,venture,15-09-2014,8300000.0,Others
government-grant-and-tax-consultants,Government Grant and Tax Consultants,Business Services,operating,GBR,01-01-2006,government-grant-and-tax-consultants,venture,13-11-2015,5015782.0,"Social, Finance, Analytics, Advertising"
goviral,goviral,Advertising,acquired,GBR,01-01-2005,goviral,venture,24-03-2009,8820000.0,"Social, Finance, Analytics, Advertising"
green-biologics,Green Biologics,Biotechnology,operating,GBR,01-01-2003,green-biologics,venture,30-07-2010,6100000.0,Cleantech / Semiconductors
green-biologics,Green Biologics,Biotechnology,operating,GBR,01-01-2003,green-biologics,venture,16-05-2012,5118945.0,Cleantech / Semiconductors
green-highland-renewables,Green Highland Renewables,Clean Technology,operating,GBR,,green-highland-renewables,venture,21-10-2013,9300000.0,Cleantech / Semiconductors
greenroad-technologies,GreenRoad Technologies,Cars,operating,GBR,01-01-2006,greenroad-technologies,venture,19-05-2011,13000000.0,Automotive & Sports
greenroad-technologies,GreenRoad Technologies,Cars,operating,GBR,01-01-2006,greenroad-technologies,venture,31-01-2008,14500000.0,Automotive & Sports
greenroad-technologies,GreenRoad Technologies,Cars,operating,GBR,01-01-2006,greenroad-technologies,venture,22-02-2010,10000000.0,Automotive & Sports
greenroad-technologies,GreenRoad Technologies,Cars,operating,GBR,01-01-2006,greenroad-technologies,venture,28-05-2009,15000000.0,Automotive & Sports
happy-days,Happy Days,Health and Wellness,operating,GBR,,happy-days,venture,18-04-2012,5913947.0,Health
hassle-com,Hassle.com,CRM,acquired,GBR,01-11-2011,hassle-com,venture,08-05-2014,6000000.0,"Social, Finance, Analytics, Advertising"
helveta,Helveta,Software,operating,GBR,01-01-2004,helveta,venture,08-11-2011,6427597.0,Others
helveta,Helveta,Software,operating,GBR,01-01-2004,helveta,venture,17-05-2010,7270000.0,Others
horizon-discovery,Horizon Discovery,Biotechnology,ipo,GBR,01-01-2007,horizon-discovery,venture,03-06-2013,10455234.0,Cleantech / Semiconductors
horizon-discovery,Horizon Discovery,Biotechnology,ipo,GBR,01-01-2007,horizon-discovery,venture,13-09-2011,11098485.0,Cleantech / Semiconductors
horizon-discovery,Horizon Discovery,Biotechnology,ipo,GBR,01-01-2007,horizon-discovery,venture,28-09-2010,9800000.0,Cleantech / Semiconductors
hybridcluster,ClusterHQ,Cloud Computing,operating,GBR,01-01-2008,hybridcluster,venture,05-02-2015,12000000.0,"News, Search and Messaging"
i2o-water,i2O Water,Clean Technology,operating,GBR,01-01-2005,i2o-water,venture,24-11-2014,12536564.0,Cleantech / Semiconductors
i2o-water,i2O Water,Clean Technology,operating,GBR,01-01-2005,i2o-water,venture,01-11-2009,6954965.0,Cleantech / Semiconductors
iceotope,Iceotope,Clean Technology,operating,GBR,04-11-2011,iceotope,venture,13-01-2014,10000000.0,Cleantech / Semiconductors
icera,Icera,Mobile,acquired,GBR,01-04-2002,icera,venture,07-02-2003,10000000.0,"News, Search and Messaging"
icrossing,iCrossing,Advertising,acquired,GBR,01-01-1998,icrossing,venture,13-07-2005,13000000.0,"Social, Finance, Analytics, Advertising"
idio,idio,Advertising,operating,GBR,08-08-2006,idio,venture,02-12-2014,6200000.0,"Social, Finance, Analytics, Advertising"
ignis-energy,Ignis Energy,Clean Technology,operating,GBR,,ignis-energy,venture,03-05-2012,5014644.0,Cleantech / Semiconductors
image-analysis,Image Analysis,Clinical Trials,operating,GBR,01-01-2007,image-analysis,venture,30-04-2015,5200000.0,Health
imagination-technologies,Imagination Technologies,Semiconductors,ipo,GBR,01-01-1985,imagination-technologies,venture,26-06-2009,5170000.0,Cleantech / Semiconductors
imagination-technologies,Imagination Technologies,Semiconductors,ipo,GBR,01-01-1985,imagination-technologies,venture,01-10-2006,9863479.0,Cleantech / Semiconductors
imagini,VisualDNA,Advertising,operating,GBR,01-08-2006,imagini,venture,25-05-2007,5000000.0,"Social, Finance, Analytics, Advertising"
imagini,VisualDNA,Advertising,operating,GBR,01-08-2006,imagini,venture,25-02-2009,13550000.0,"Social, Finance, Analytics, Advertising"
imagini,VisualDNA,Advertising,operating,GBR,01-08-2006,imagini,venture,01-01-2012,10000000.0,"Social, Finance, Analytics, Advertising"
immune-targeting-systems,Immune Targeting Systems,Biotechnology,acquired,GBR,01-01-2003,immune-targeting-systems,venture,16-07-2007,7120961.0,Cleantech / Semiconductors
immune-targeting-systems,Immune Targeting Systems,Biotechnology,acquired,GBR,01-01-2003,immune-targeting-systems,venture,17-03-2010,13200000.0,Cleantech / Semiconductors
inforsense,InforSense,Enterprise Software,operating,GBR,01-01-1999,inforsense,venture,25-10-2006,10000000.0,Others
inivata,Inivata,Biotechnology,operating,GBR,,inivata,venture,23-09-2014,6540899.0,Cleantech / Semiconductors
inspired-capital-plc,Inspired Capital plc,Business Services,operating,GBR,,inspired-capital-plc,venture,20-10-2000,12000000.0,"Social, Finance, Analytics, Advertising"
intelligent-energy,Intelligent Energy,Clean Technology,ipo,GBR,01-01-2001,intelligent-energy,venture,07-07-2008,13600000.0,Cleantech / Semiconductors
intent-hq,Intent HQ,Analytics,operating,GBR,01-08-2010,intent-hq,venture,01-05-2014,8009622.0,"Social, Finance, Analytics, Advertising"
ion-core,Ion Core,3D Printing,operating,GBR,01-01-2013,ion-core,venture,01-07-2014,10000000.0,Manufacturing
ip-access,ip.access,Software,operating,GBR,01-01-2000,ip-access,venture,12-12-2011,15000000.0,Others
ip-access,ip.access,Software,operating,GBR,01-01-2000,ip-access,venture,13-02-2007,10000000.0,Others
ipwireless,IPWireless,Mobile,acquired,GBR,01-01-1999,ipwireless,venture,18-01-2006,10000000.0,"News, Search and Messaging"
ipwireless,IPWireless,Mobile,acquired,GBR,01-01-1999,ipwireless,venture,13-05-2011,6080000.0,"News, Search and Messaging"
isango,isango!,Content,operating,GBR,13-01-2006,isango,venture,01-03-2008,8000000.0,Entertainment
iwoca,iwoca,Finance,operating,GBR,01-10-2011,iwoca,venture,09-01-2014,8220619.0,"Social, Finance, Analytics, Advertising"
jade-solutions,Jade Solutions,Mobile,operating,GBR,,jade-solutions,venture,26-04-2005,7540000.0,"News, Search and Messaging"
jampp,Jampp,App Marketing,operating,GBR,09-10-2011,jampp,venture,25-02-2015,7000000.0,"News, Search and Messaging"
jobpartners,Jobpartners,Software,acquired,GBR,,jobpartners,venture,01-01-2001,6513500.0,Others
jobpartners,Jobpartners,Software,acquired,GBR,,jobpartners,venture,01-01-2000,5023000.0,Others
judo,Judo Payments,Mobile,operating,GBR,01-05-2012,judo,venture,01-01-2015,9341792.0,"News, Search and Messaging"
just-eat,Just Eat,Discounts,ipo,GBR,01-01-2001,just-eat,venture,14-07-2009,8157541.0,"Social, Finance, Analytics, Advertising"
kaazing,Kaazing,Apps,operating,GBR,01-05-2007,kaazing,venture,17-04-2013,15000000.0,"News, Search and Messaging"
kabbee,Kabbee,Mobile,operating,GBR,01-06-2011,kabbee,venture,19-11-2013,5757955.0,"News, Search and Messaging"
kalvista-pharmaceuticals,KalVista Pharmaceuticals,Biotechnology,operating,GBR,,kalvista-pharmaceuticals,venture,23-08-2011,13207305.0,Cleantech / Semiconductors
kano-computing,Kano Computing,Hardware + Software,operating,GBR,25-01-2013,kano-computing,venture,04-05-2015,15000000.0,Manufacturing
kantox,Kantox,B2B,operating,GBR,03-06-2011,kantox,venture,10-02-2014,8724972.0,"Social, Finance, Analytics, Advertising"
kantox,Kantox,B2B,operating,GBR,03-06-2011,kantox,venture,27-05-2015,10921362.0,"Social, Finance, Analytics, Advertising"
karus-therapeutics,Karus Therapeutics,Biotechnology,operating,GBR,01-01-2005,karus-therapeutics,venture,06-09-2012,7600000.0,Cleantech / Semiconductors
kelway,Kelway,Enterprise Software,operating,GBR,,kelway,venture,27-11-2006,9690000.0,Others
ketech,KeTech,Software,operating,GBR,01-01-1999,ketech,venture,06-11-2015,7623462.0,Others
kingsbridge-risk-solutions,Kingsbridge Risk Solutions,Finance,operating,GBR,01-01-2001,kingsbridge-risk-solutions,venture,15-01-2014,7719600.0,"Social, Finance, Analytics, Advertising"
lamellar-biomedical,Lamellar Biomedical,Biotechnology,operating,GBR,,lamellar-biomedical,venture,07-01-2013,5301059.0,Cleantech / Semiconductors
last-fm,Last.fm,Music,acquired,GBR,01-01-2002,last-fm,venture,01-05-2006,5000000.0,Entertainment
light-blue-optics,Light Blue Optics,Automotive,operating,GBR,02-01-2004,light-blue-optics,venture,19-07-2009,15000000.0,Automotive & Sports
light-blue-optics,Light Blue Optics,Automotive,operating,GBR,02-01-2004,light-blue-optics,venture,11-10-2010,13000000.0,Automotive & Sports
linkdex,Linkdex,Advertising,operating,GBR,08-06-2009,linkdex,venture,27-11-2014,5509959.0,"Social, Finance, Analytics, Advertising"
livebookings,Livebookings Holdings Ltd.,Advertising,acquired,GBR,01-01-2005,livebookings,venture,04-04-2011,10000000.0,"Social, Finance, Analytics, Advertising"
livebookings,Livebookings Holdings Ltd.,Advertising,acquired,GBR,01-01-2005,livebookings,venture,05-03-2008,6500000.0,"Social, Finance, Analytics, Advertising"
lost-my-name,Lost My Name,Kids,operating,GBR,01-01-2012,lost-my-name,venture,25-06-2015,9000000.0,Others
lovecrafts,LoveCrafts,E-Commerce,operating,GBR,,lovecrafts,venture,27-02-2015,7500000.0,Others
lyst,Lyst,E-Commerce,operating,GBR,01-01-2010,lyst,venture,23-01-2014,14000000.0,Others
lyst,Lyst,E-Commerce,operating,GBR,01-01-2010,lyst,venture,12-07-2012,5000000.0,Others
m-squared-lasers,M Squared Lasers,Manufacturing,operating,GBR,,m-squared-lasers,venture,01-05-2012,6257937.0,Manufacturing
madbid-com,MadBid.com,E-Commerce,operating,GBR,09-08-2008,madbid-com,venture,23-07-2010,6161968.0,Others
made-com,made.com,Design,operating,GBR,01-01-2010,made-com,venture,10-01-2012,9278918.0,Automotive & Sports
magma-global,Magma Global,Manufacturing,operating,GBR,01-01-2009,magma-global,venture,09-01-2013,14032336.0,Manufacturing
manomasa,Manomasa,Manufacturing,operating,GBR,01-01-2012,manomasa,venture,23-02-2014,5303380.0,Manufacturing
maplin-electronics,Maplin Electronics,Consumer Electronics,acquired,GBR,01-01-1972,maplin-electronics,venture,13-10-2014,8039920.0,Manufacturing
marcandi,Marcandi,E-Commerce,operating,GBR,01-01-2008,marcandi,venture,26-07-2010,6190000.0,Others
marine-current-turbines,Marine Current Turbines,Clean Technology,operating,GBR,,marine-current-turbines,venture,22-12-2009,5596159.0,Cleantech / Semiconductors
marketinvoice,MarketInvoice,Finance,operating,GBR,01-01-2011,marketinvoice,venture,17-09-2015,7709624.0,"Social, Finance, Analytics, Advertising"
marketinvoice,MarketInvoice,Finance,operating,GBR,01-01-2011,marketinvoice,venture,03-12-2014,7843383.0,"Social, Finance, Analytics, Advertising"
marketinvoice,MarketInvoice,Finance,operating,GBR,01-01-2011,marketinvoice,venture,16-08-2015,10000000.0,"Social, Finance, Analytics, Advertising"
mawell,Mawell,Information Technology,operating,GBR,,mawell,venture,12-09-2007,11075781.0,"Social, Finance, Analytics, Advertising"
medaphor,MedaPhor,EdTech,operating,GBR,01-01-2004,medaphor,venture,19-08-2014,7859531.0,Others
medicanimal-com,MedicAnimal.com,Pets,operating,GBR,01-10-2007,medicanimal-com,venture,01-10-2010,7910327.0,Health
medikidz,Medikidz,Education,operating,GBR,01-01-2009,medikidz,venture,11-05-2014,5055753.0,Others
memrise,Memrise,Consumers,operating,GBR,10-09-2010,memrise,venture,07-12-2012,5100000.0,"Social, Finance, Analytics, Advertising"
menlook,Menlook,Consumer Goods,operating,GBR,01-01-2010,menlook,venture,01-05-2012,7410642.0,Manufacturing
metail,Metail,Customer Service,operating,GBR,01-01-2008,metail,venture,17-10-2014,12000000.0,"Social, Finance, Analytics, Advertising"
mfuse,Mfuse,Mobile,acquired,GBR,,mfuse,venture,22-02-2006,6490000.0,"News, Search and Messaging"
mgb-biopharma,MGB Biopharma,Biotechnology,operating,GBR,,mgb-biopharma,venture,17-09-2014,6400000.0,Cleantech / Semiconductors
microcosm-communications,Microcosm Communications,Communications Infrastructure,operating,GBR,01-01-1996,microcosm-communications,venture,15-07-1999,6500000.0,Manufacturing
microsaic,Microsaic,Analytics,operating,GBR,,microsaic,venture,28-05-2013,6515581.0,"Social, Finance, Analytics, Advertising"
midatech,Midatech,Manufacturing,operating,GBR,01-01-2000,midatech,venture,05-01-2012,9778240.0,Manufacturing
million,Million-2-1,Mobile,acquired,GBR,,million,venture,11-05-2006,5650000.0,"News, Search and Messaging"
mind-candy,Mind Candy,Games,operating,GBR,01-01-2003,mind-candy,venture,01-06-2011,10000000.0,Entertainment
mind-candy,Mind Candy,Games,operating,GBR,01-01-2003,mind-candy,venture,23-11-2006,10860000.0,Entertainment
mindshapes,Mindshapes,Apps,operating,GBR,01-01-2010,mindshapes,venture,01-11-2011,5000000.0,"News, Search and Messaging"
mirriad,Mirriad,Advertising,operating,GBR,01-01-2008,mirriad,venture,13-03-2013,5457478.0,"Social, Finance, Analytics, Advertising"
mission-therapeutics,MISSION Therapeutics,Biotechnology,operating,GBR,01-01-2011,mission-therapeutics,venture,25-08-2011,10000000.0,Cleantech / Semiconductors
mmic-solutions,MMIC Solutions,Semiconductors,operating,GBR,21-07-2005,mmic-solutions,venture,30-05-2008,5250000.0,Cleantech / Semiconductors
mobango,Mobango,Games,operating,GBR,01-01-2006,mobango,venture,31-03-2008,5700000.0,Entertainment
moda-in-pelle,Moda in Pelle,Retail,operating,GBR,01-01-1975,moda-in-pelle,venture,17-10-2014,5613247.0,"Social, Finance, Analytics, Advertising"
molecular-products-group,Molecular Products Group,Health Care,operating,GBR,01-01-1924,molecular-products-group,venture,23-09-2014,6533492.0,Health
mono-consultants,Mono Consultants,Mobile,operating,GBR,01-01-1997,mono-consultants,venture,28-02-2014,10606760.0,"News, Search and Messaging"
moo,MOO.COM,Business Services,operating,GBR,01-01-2004,moo,venture,01-04-2006,5000000.0,"Social, Finance, Analytics, Advertising"
move-guides,MOVE Guides,Enterprise Software,operating,GBR,01-09-2011,move-guides,venture,09-10-2014,8199999.0,Others
movirtu,Movirtu,Audio,acquired,GBR,01-01-2008,movirtu,venture,11-11-2010,5500000.0,Entertainment
mtem-limited,MTEM Limited,Energy Management,acquired,GBR,,mtem-limited,venture,16-09-2004,13234657.0,Cleantech / Semiconductors
mtivity,Mtivity,Enterprise Software,operating,GBR,01-01-1999,mtivity,venture,23-07-2007,7080000.0,Others
mubi,MUBI,Entertainment,operating,GBR,14-02-2007,mubi,venture,05-01-2015,15000000.0,Entertainment
mubi,MUBI,Entertainment,operating,GBR,14-02-2007,mubi,venture,23-10-2013,5095630.0,Entertainment
musixmatch,Musixmatch,Apps,operating,GBR,21-01-2010,musixmatch,venture,02-09-2014,5000000.0,"News, Search and Messaging"
muzicall,Muzicall,Mobile,operating,GBR,01-01-2004,muzicall,venture,13-11-2009,13381200.0,"News, Search and Messaging"
my-wardrobe-com,My-wardrobe.com,Fashion,operating,GBR,01-04-2006,my-wardrobe-com,venture,05-07-2010,9000000.0,Entertainment
myalert,AlertMe,Clean Technology,acquired,GBR,01-04-2006,myalert,venture,11-06-2009,13000000.0,Cleantech / Semiconductors
mydeco,mydeco,3D,acquired,GBR,01-02-2007,mydeco,venture,01-08-2008,14529275.0,Manufacturing
myoptique-group,MyOptique Group,E-Commerce,operating,GBR,01-01-2005,myoptique-group,venture,16-12-2013,13038376.0,Others
myoptique-group,MyOptique Group,E-Commerce,operating,GBR,01-01-2005,myoptique-group,venture,21-04-2009,14656237.0,Others
mysupermarket,mySupermarket,Curated Web,operating,GBR,01-01-2006,mysupermarket,venture,13-10-2010,7400000.0,"News, Search and Messaging"
mysupermarket,mySupermarket,Curated Web,operating,GBR,01-01-2006,mysupermarket,venture,08-05-2007,6000000.0,"News, Search and Messaging"
mysupermarket,mySupermarket,Curated Web,operating,GBR,01-01-2006,mysupermarket,venture,19-04-2012,10000000.0,"News, Search and Messaging"
mythings,myThings,Accounting,operating,GBR,01-01-2005,mythings,venture,20-03-2012,15000000.0,"Social, Finance, Analytics, Advertising"
mythings,myThings,Accounting,operating,GBR,01-01-2005,mythings,venture,01-04-2006,8000000.0,"Social, Finance, Analytics, Advertising"
mythings,myThings,Accounting,operating,GBR,01-01-2005,mythings,venture,23-11-2010,6000000.0,"Social, Finance, Analytics, Advertising"
mythings,myThings,Accounting,operating,GBR,01-01-2005,mythings,venture,14-10-2008,5000000.0,"Social, Finance, Analytics, Advertising"
naked-wines,Naked Wines,Curated Web,operating,GBR,01-01-2008,naked-wines,venture,22-08-2013,10000000.0,"News, Search and Messaging"
nallatech,Nallatech,Hardware + Software,operating,GBR,01-01-1993,nallatech,venture,13-02-2006,5000000.0,Manufacturing
nanotech-semiconductor,Nanotech Semiconductor,Semiconductors,operating,GBR,01-05-2003,nanotech-semiconductor,venture,12-08-2008,5000000.0,Cleantech / Semiconductors
nanotech-semiconductor,Nanotech Semiconductor,Semiconductors,operating,GBR,01-05-2003,nanotech-semiconductor,venture,25-05-2005,6000000.0,Cleantech / Semiconductors
native-networks,Native Networks,Networking,operating,GBR,,native-networks,venture,18-07-2003,11500000.0,Others
naturalmotion,NaturalMotion,Games,acquired,GBR,01-01-2001,naturalmotion,venture,21-06-2012,11000000.0,Entertainment
navetas-energy-management,Navetas Energy Management,Clean Technology,operating,GBR,01-01-2008,navetas-energy-management,venture,07-06-2010,5790000.0,Cleantech / Semiconductors
neul,Neul,Internet of Things,acquired,GBR,01-01-2010,neul,venture,05-09-2012,5000000.0,"Social, Finance, Analytics, Advertising"
neul,Neul,Internet of Things,acquired,GBR,01-01-2010,neul,venture,29-06-2011,12800000.0,"Social, Finance, Analytics, Advertising"
neverfail,Neverfail,Software,operating,GBR,01-01-1993,neverfail,venture,20-01-2006,10000000.0,Others
new-earth-solutions,New Earth Solutions,Clean Technology,operating,GBR,01-01-2002,new-earth-solutions,venture,14-02-2008,5850400.0,Cleantech / Semiconductors
newvoicemedia,NewVoiceMedia,Enterprise Software,operating,GBR,01-01-2000,newvoicemedia,venture,28-05-2010,6300000.0,Others
nexsan,Nexsan,Enterprise Software,acquired,GBR,01-01-2000,nexsan,venture,18-04-2009,7500000.0,Others
nimsoft,Nimsoft,Cloud Computing,acquired,GBR,01-01-2002,nimsoft,venture,13-10-2008,12000000.0,"News, Search and Messaging"
nimsoft,Nimsoft,Cloud Computing,acquired,GBR,01-01-2002,nimsoft,venture,10-01-2007,10300000.0,"News, Search and Messaging"
njini,Njini,Software,operating,GBR,01-01-2003,njini,venture,06-12-2005,5000000.0,Others
njini,Njini,Software,operating,GBR,01-01-2003,njini,venture,10-07-2006,13000000.0,Others
no-1-traveller,No.1 Traveller,Travel,operating,GBR,01-01-2007,no-1-traveller,venture,18-03-2014,10606760.0,Entertainment
notonthehighstreet,Notonthehighstreet,E-Commerce,operating,GBR,04-04-2006,notonthehighstreet,venture,21-05-2012,15000000.0,Others
notonthehighstreet,Notonthehighstreet,E-Commerce,operating,GBR,04-04-2006,notonthehighstreet,venture,02-08-2010,11900000.0,Others
novabiotics,NovaBiotics,Biotechnology,operating,GBR,01-01-2004,novabiotics,venture,19-01-2015,7569850.0,Cleantech / Semiconductors
novacta-biosystems,Novacta Biosystems,Biotechnology,operating,GBR,01-01-2003,novacta-biosystems,venture,16-01-2008,6869075.0,Cleantech / Semiconductors
nps,NPS,Clean Technology,operating,GBR,01-11-2003,nps,venture,16-05-2008,9700000.0,Cleantech / Semiconductors
nucana-biomed,NuCana BioMed,Biotechnology,operating,GBR,,nucana-biomed,venture,29-11-2011,10529448.0,Cleantech / Semiconductors
nujira,Nujira,Hardware + Software,operating,GBR,01-01-2002,nujira,venture,01-08-2005,7750000.0,Manufacturing
nujira,Nujira,Hardware + Software,operating,GBR,01-01-2002,nujira,venture,30-01-2007,9800000.0,Manufacturing
nujira,Nujira,Hardware + Software,operating,GBR,01-01-2002,nujira,venture,06-09-2012,12000000.0,Manufacturing
nutmeg,Nutmeg,Finance,operating,GBR,01-03-2010,nutmeg,venture,18-06-2012,5322729.0,"Social, Finance, Analytics, Advertising"
ocapo,Ocapo,E-Commerce,operating,GBR,01-01-2013,ocapo,venture,04-07-2013,14394888.0,Others
ocean-outdoor,Ocean Outdoor,Advertising,operating,GBR,,ocean-outdoor,venture,13-05-2008,11597927.0,"Social, Finance, Analytics, Advertising"
oled-t,OLED-T,Manufacturing,operating,GBR,01-01-1999,oled-t,venture,30-05-2006,7000000.0,Manufacturing
oled-t,OLED-T,Manufacturing,operating,GBR,01-01-1999,oled-t,venture,01-08-2005,5660000.0,Manufacturing
oliver-sweeney,Oliver Sweeney,Fashion,operating,GBR,01-01-1989,oliver-sweeney,venture,09-03-2015,5639861.0,Entertainment
omnisens,Omnisens,Clean Technology,operating,GBR,01-01-1999,omnisens,venture,10-09-2008,5320000.0,Cleantech / Semiconductors
omprompt,OmPrompt,Enterprise Software,operating,GBR,01-01-2004,omprompt,venture,03-06-2005,9068595.0,Others
onefinestay,onefinestay,E-Commerce,operating,GBR,01-01-2009,onefinestay,venture,19-06-2012,12200000.0,Others
onetwotrip,OneTwoTrip,Travel,operating,GBR,01-01-2011,onetwotrip,venture,07-09-2012,9000000.0,Entertainment
onetwotrip,OneTwoTrip,Travel,operating,GBR,01-01-2011,onetwotrip,venture,13-03-2015,8000000.0,Entertainment
onyvax,Onyvax,Biotechnology,operating,GBR,,onyvax,venture,08-05-2006,14906222.0,Cleantech / Semiconductors
open-energi,Open Energi,Software,operating,GBR,,open-energi,venture,16-10-2012,8056070.0,Others
opencloud,OpenCloud,Web Hosting,operating,GBR,01-01-2000,opencloud,venture,08-01-2007,10250000.0,Others
opencloud,OpenCloud,Web Hosting,operating,GBR,01-01-2000,opencloud,venture,08-09-2010,7722766.0,Others
opencloud,OpenCloud,Web Hosting,operating,GBR,01-01-2000,opencloud,venture,10-07-2008,10000000.0,Others
opengamma,OpenGamma,Financial Services,operating,GBR,01-08-2009,opengamma,venture,17-01-2011,6000000.0,"Social, Finance, Analytics, Advertising"
opengamma,OpenGamma,Financial Services,operating,GBR,01-08-2009,opengamma,venture,08-08-2012,15000000.0,"Social, Finance, Analytics, Advertising"
origami-energy,Origami Energy,Software,operating,GBR,01-01-2013,origami-energy,venture,01-09-2014,5809932.0,Others
orthogon-systems,Orthogon Systems,Internet,operating,GBR,,orthogon-systems,venture,30-06-2003,7000000.0,"News, Search and Messaging"
osper,Osper,Apps,operating,GBR,01-01-2012,osper,venture,29-06-2014,10000000.0,"News, Search and Messaging"
outplay-entertainment,Outplay Entertainment,Games,operating,GBR,01-01-2010,outplay-entertainment,venture,28-05-2014,5000000.0,Entertainment
oxford-immunotec,Oxford Immunotec,Biotechnology,ipo,GBR,01-01-2002,oxford-immunotec,venture,10-08-2005,12550010.0,Cleantech / Semiconductors
oxford-nanopore-technologies,Oxford Nanopore Technologies,Health Diagnostics,operating,GBR,01-01-2005,oxford-nanopore-technologies,venture,10-05-2006,10260000.0,Health
oxford-photovoltaics,Oxford Photovoltaics,Clean Technology,operating,GBR,01-01-2010,oxford-photovoltaics,venture,06-03-2015,12114420.0,Cleantech / Semiconductors
oxford-photovoltaics,Oxford Photovoltaics,Clean Technology,operating,GBR,01-01-2010,oxford-photovoltaics,venture,08-10-2015,6705937.0,Cleantech / Semiconductors
oxitec,Oxitec,Biotechnology,acquired,GBR,01-01-2002,oxitec,venture,29-03-2011,5542270.0,Cleantech / Semiconductors
oxitec,Oxitec,Biotechnology,acquired,GBR,01-01-2002,oxitec,venture,24-06-2014,10000000.0,Cleantech / Semiconductors
oxonica,Oxonica,Health Diagnostics,acquired,GBR,,oxonica,venture,05-07-2005,14034694.0,Health
packetexchange,PacketExchange,Cloud Computing,acquired,GBR,01-01-2001,packetexchange,venture,02-07-2008,12000000.0,"News, Search and Messaging"
palringo,Palringo,Android,operating,GBR,01-01-2006,palringo,venture,01-12-2007,5164439.0,"Social, Finance, Analytics, Advertising"
parcelgenie,ParcelGenie,Gift Card,operating,GBR,01-01-2009,parcelgenie,venture,01-01-2013,5000000.0,Others
passado,Passado,Curated Web,operating,GBR,01-01-2001,passado,venture,14-12-2006,13200000.0,"News, Search and Messaging"
pelikon,Pelikon,Consumer Electronics,operating,GBR,,pelikon,venture,06-09-2005,9150000.0,Manufacturing
pelikon,Pelikon,Consumer Electronics,operating,GBR,,pelikon,venture,18-06-2003,5000000.0,Manufacturing
people-per-hour,PeoplePerHour.com,Curated Web,operating,GBR,14-09-2007,people-per-hour,venture,08-12-2010,5994980.0,"News, Search and Messaging"
peoplevox,Peoplevox,Databases,operating,GBR,01-08-2008,peoplevox,venture,25-02-2015,6000000.0,"Social, Finance, Analytics, Advertising"
performance-horizon-group,Performance Horizon,Enterprise Software,operating,GBR,01-05-2010,performance-horizon-group,venture,23-09-2014,10000000.0,Others
perpetuum,Perpetuum,Wireless,operating,GBR,01-01-2004,perpetuum,venture,12-10-2007,10181710.0,Entertainment
phagenesis,Phagenesis,Biotechnology,operating,GBR,01-01-2007,phagenesis,venture,04-10-2011,9226700.0,Cleantech / Semiconductors
phase-focus,Phase Focus,Health Care,operating,GBR,01-01-2006,phase-focus,venture,03-07-2012,5000000.0,Health
phosphate-therapeutics,Phosphate Therapeutics,Biotechnology,operating,GBR,,phosphate-therapeutics,venture,05-03-2012,13881000.0,Cleantech / Semiconductors
photobox,PhotoBox,E-Commerce,acquired,GBR,01-01-2000,photobox,venture,01-07-2007,5000000.0,Others
picochip,picoChip,Software,acquired,GBR,01-01-2000,picochip,venture,01-01-2001,7000000.0,Others
piramed,Piramed,Biotechnology,acquired,GBR,01-01-2001,piramed,venture,09-07-2003,13200000.0,Cleantech / Semiconductors
pixsta,Pixsta,Search,operating,GBR,01-01-2010,pixsta,venture,14-06-2008,5835986.0,"News, Search and Messaging"
plasticell,Plasticell,Biotechnology,operating,GBR,,plasticell,venture,31-01-2011,5566500.0,Cleantech / Semiconductors
plaxica,Plaxica,Clean Technology,operating,GBR,01-01-2008,plaxica,venture,10-09-2013,12122011.0,Cleantech / Semiconductors
plaxica,Plaxica,Clean Technology,operating,GBR,01-01-2008,plaxica,venture,28-09-2011,7818181.0,Cleantech / Semiconductors
playcast-media,Playcast Media,Games,operating,GBR,01-01-2007,playcast-media,venture,25-01-2011,10000000.0,Entertainment
player-x,Player X,Games,operating,GBR,01-01-2003,player-x,venture,18-01-2007,9850000.0,Entertainment
player-x,Player X,Games,operating,GBR,01-01-2003,player-x,venture,03-10-2005,7060000.0,Entertainment
playjam,PlayJam,Games,operating,GBR,01-01-1999,playjam,venture,25-10-2011,5000000.0,Entertainment
plumbee,Plumbee,Games,operating,GBR,18-07-2011,plumbee,venture,16-12-2013,13000000.0,Entertainment
portr,Portr,Customer Service,operating,GBR,26-06-2012,portr,venture,31-03-2015,5500000.0,"Social, Finance, Analytics, Advertising"
powerlase,Powerlase Photonics,Energy,acquired,GBR,,powerlase,venture,21-01-2005,13103216.0,Cleantech / Semiconductors
pragmatic-printing,PragmatIC Printing,Electronics,operating,GBR,,pragmatic-printing,venture,27-01-2015,8100000.0,Manufacturing
prodigy-finance,Prodigy Finance,Alumni,operating,GBR,22-08-2007,prodigy-finance,venture,10-08-2015,12500000.0,Others
prodrive,Prodrive,Automotive,operating,GBR,05-08-1984,prodrive,venture,05-08-2015,9345794.0,Automotive & Sports
property-partner,Property Partner,Financial Services,operating,GBR,01-01-2014,property-partner,venture,21-03-2015,7741167.0,"Social, Finance, Analytics, Advertising"
provesica,Provesica,Biotechnology,operating,GBR,01-01-2010,provesica,venture,20-12-2010,6179090.0,Cleantech / Semiconductors
proxama,Proxama,Mobile,operating,GBR,01-01-2005,proxama,venture,03-12-2013,13031162.0,"News, Search and Messaging"
psytechnics,Psytechnics,Public Relations,acquired,GBR,,psytechnics,venture,27-05-2004,11600000.0,"Social, Finance, Analytics, Advertising"
purple-wifi,Purple WiFi,Mobile,operating,GBR,01-10-2012,purple-wifi,venture,12-01-2015,5000000.0,"News, Search and Messaging"
purplebricks,PurpleBricks,Business Services,operating,GBR,01-01-2012,purplebricks,venture,18-08-2014,13364740.0,"Social, Finance, Analytics, Advertising"
push-technology,Push Technology,Digital Media,operating,GBR,,push-technology,venture,12-08-2014,5000000.0,Entertainment
q-chip,Q Chip,Biotechnology,operating,GBR,,q-chip,venture,20-05-2011,6000000.0,Cleantech / Semiconductors
qinec,Qinec,Enterprise Software,operating,GBR,01-01-2005,qinec,venture,09-06-2015,9182806.0,Others
quanta-fluid-solutions,Quanta Fluid Solutions,Health Care,operating,GBR,01-01-2008,quanta-fluid-solutions,venture,01-11-2009,14300000.0,Health
quantumdx-group,QuantuMDx Group,Biotechnology,operating,GBR,04-03-2008,quantumdx-group,venture,02-06-2014,8420000.0,Cleantech / Semiconductors
quartet-medicine-,Quartet Medicine,Biotechnology,operating,GBR,,quartet-medicine-,venture,07-10-2015,6000000.0,Cleantech / Semiconductors
qubit,Qubit,Advertising,operating,GBR,01-01-2010,qubit,venture,04-12-2012,7500000.0,"Social, Finance, Analytics, Advertising"
quietrevolution,quietrevolution,Clean Technology,acquired,GBR,01-05-2005,quietrevolution,venture,01-09-2008,10234700.0,Cleantech / Semiconductors
quill,Quill Content,Content,operating,GBR,01-01-2010,quill,venture,10-03-2014,7576257.0,Entertainment
quipper,Quipper,Android,acquired,GBR,01-12-2010,quipper,venture,06-03-2014,5800000.0,"Social, Finance, Analytics, Advertising"
rangespan,Rangespan,Analytics,acquired,GBR,01-01-2011,rangespan,venture,07-12-2012,5000000.0,"Social, Finance, Analytics, Advertising"
rapid-action-packaging,Rapid Action Packaging,Manufacturing,operating,GBR,01-01-1997,rapid-action-packaging,venture,23-04-2008,7920000.0,Manufacturing
red-m-group,Red-M Group,Mobile,acquired,GBR,01-01-1999,red-m-group,venture,13-12-2005,9620000.0,"News, Search and Messaging"
redeem,Redeem,Environmental Innovation,operating,GBR,,redeem,venture,18-09-2014,13004958.0,Cleantech / Semiconductors
reneuron-group,ReNeuron Group,Biotechnology,operating,GBR,,reneuron-group,venture,22-02-2010,7300000.0,Cleantech / Semiconductors
revolymer,Revolymer,Manufacturing,operating,GBR,,revolymer,venture,15-04-2011,9809911.0,Manufacturing
rockabox,Rockabox,Advertising Platforms,operating,GBR,01-03-2008,rockabox,venture,10-09-2015,5697713.0,"Social, Finance, Analytics, Advertising"
roli,ROLI,Content Creators,operating,GBR,01-01-2009,roli,venture,22-05-2014,12800000.0,Entertainment
rootstock-software,Rootstock Software,Software,operating,GBR,01-01-2008,rootstock-software,venture,08-12-2013,5750000.0,Others
salaryfinance,SalaryFinance,Financial Services,operating,GBR,01-01-2015,salaryfinance,venture,19-11-2015,6100000.0,"Social, Finance, Analytics, Advertising"
salviol,Salviol,Big Data,operating,GBR,01-01-2009,salviol,venture,08-07-2015,7167668.0,"Social, Finance, Analytics, Advertising"
sandwell-community-caring-trust-scct,Sandwell Community Caring Trust (SCCT),Nonprofits,operating,GBR,01-01-1997,sandwell-community-caring-trust-scct,venture,13-08-2013,6515581.0,Others
sealedmedia,SealedMedia,Security,operating,GBR,01-01-1996,sealedmedia,venture,26-04-2005,8500000.0,Others
seatwave,Seatwave,E-Commerce,operating,GBR,01-01-2006,seatwave,venture,05-06-2007,8000000.0,Others
secret-escapes,Secret Escapes,Travel,operating,GBR,01-01-2010,secret-escapes,venture,15-10-2012,12857670.0,Entertainment
secretsales,SecretSales,E-Commerce,operating,GBR,01-01-2007,secretsales,venture,24-04-2014,7560822.0,Others
seedrs,Seedrs,Finance,operating,GBR,16-03-2009,seedrs,venture,30-07-2015,11703571.0,"Social, Finance, Analytics, Advertising"
semmle,Semmle,Software,operating,GBR,28-12-2006,semmle,venture,15-09-2014,8000000.0,Others
sensage,SenSage,Security,acquired,GBR,18-08-2004,sensage,venture,09-04-2008,15000000.0,Others
sensage,SenSage,Security,acquired,GBR,18-08-2004,sensage,venture,18-04-2005,10000000.0,Others
sensage,SenSage,Security,acquired,GBR,18-08-2004,sensage,venture,28-09-2010,6250000.0,Others
sensage,SenSage,Security,acquired,GBR,18-08-2004,sensage,venture,11-04-2007,5000000.0,Others
serentis-ltd,Serentis,Pharmaceuticals,operating,GBR,,serentis-ltd,venture,12-08-2008,10133972.0,Health
shield-therapeutics,Shield Therapeutics,Biotechnology,operating,GBR,,shield-therapeutics,venture,01-06-2011,11814560.0,Cleantech / Semiconductors
shopa,Shopa,Curated Web,operating,GBR,01-11-2012,shopa,venture,11-02-2015,11000000.0,"News, Search and Messaging"
shozu,brylle,Mobile,acquired,GBR,01-01-2001,shozu,venture,01-07-2005,12000000.0,"News, Search and Messaging"
shozu,brylle,Mobile,acquired,GBR,01-01-2001,shozu,venture,21-08-2007,12000000.0,"News, Search and Messaging"
shozu,brylle,Mobile,acquired,GBR,01-01-2001,shozu,venture,29-01-2008,12000000.0,"News, Search and Messaging"
siconnect,SiConnect,Semiconductors,operating,GBR,01-01-2004,siconnect,venture,25-09-2006,5320000.0,Cleantech / Semiconductors
silverrail-technologies,SilverRail Technologies,Technology,operating,GBR,01-04-2009,silverrail-technologies,venture,15-04-2011,5000000.0,Others
silverrail-technologies,SilverRail Technologies,Technology,operating,GBR,01-04-2009,silverrail-technologies,venture,21-07-2010,9000000.0,Others
silverrail-technologies,SilverRail Technologies,Technology,operating,GBR,01-04-2009,silverrail-technologies,venture,21-03-2012,15000000.0,Others
similarweb,SimilarWeb,Advertising,operating,GBR,01-02-2009,similarweb,venture,25-11-2014,15000000.0,"Social, Finance, Analytics, Advertising"
simworx,Simworx,Games,operating,GBR,,simworx,venture,11-08-2015,6992898.0,Entertainment
site-intelligence,Site Intelligence,Software,operating,GBR,,site-intelligence,venture,20-05-2011,7000000.0,Others
siteminder,SiteMinder,Software,operating,GBR,,siteminder,venture,07-05-2012,5715957.0,Others
six-degrees-group,Six Degrees Group,Web Hosting,operating,GBR,01-01-2011,six-degrees-group,venture,26-07-2012,12529381.0,Others
skills-matter,Skills Matter,Architecture,operating,GBR,06-11-2003,skills-matter,venture,06-12-2012,5000000.0,Manufacturing
skyscanner,Skyscanner,Search,operating,GBR,16-05-2003,skyscanner,venture,01-11-2007,5188839.0,"News, Search and Messaging"
smart-cube,Smart Cube,Analytics,operating,GBR,,smart-cube,venture,28-09-2011,6410909.0,"Social, Finance, Analytics, Advertising"
smart-holograms,Smart Holograms,Health Care,operating,GBR,01-01-2001,smart-holograms,venture,01-02-2005,6790000.0,Health
snaptu,Snaptu,Mobile,acquired,GBR,20-02-1994,snaptu,venture,22-06-2010,6000000.0,"News, Search and Messaging"
somo,Somo,Advertising,operating,GBR,01-03-2009,somo,venture,02-04-2014,5500000.0,"Social, Finance, Analytics, Advertising"
songkick,Songkick,Concerts,operating,GBR,01-06-2007,songkick,venture,08-03-2012,10000000.0,Entertainment
sophia-genetics,Sophia Genetics,Biotechnology,operating,GBR,01-01-2011,sophia-genetics,venture,07-07-2014,13750000.0,Cleantech / Semiconductors
spex-group,Spex Group,Consulting,operating,GBR,01-01-2009,spex-group,venture,04-03-2014,7576257.0,"Social, Finance, Analytics, Advertising"
spinvox,SpinVox,Messaging,acquired,GBR,,spinvox,venture,03-08-2009,5500000.0,"News, Search and Messaging"
sportlobster,Sportlobster,Curated Web,operating,GBR,12-06-2012,sportlobster,venture,01-06-2014,7520000.0,"News, Search and Messaging"
sportpursuit,SportPursuit,Advertising,operating,GBR,01-08-2011,sportpursuit,venture,22-11-2015,14448230.0,"Social, Finance, Analytics, Advertising"
sportpursuit,SportPursuit,Advertising,operating,GBR,01-08-2011,sportpursuit,venture,09-02-2014,7576257.0,"Social, Finance, Analytics, Advertising"
srl-global,SRL Global,Enterprise Software,operating,GBR,01-05-2007,srl-global,venture,26-07-2010,11625112.0,Others
state,State,Open Source,operating,GBR,01-01-2010,state,venture,19-02-2013,14000000.0,Others
stats-group,STATS Group,Manufacturing,operating,GBR,,stats-group,venture,06-04-2012,12367192.0,Manufacturing
stingray-geophysical,Stingray Geophysical,Gas,operating,GBR,,stingray-geophysical,venture,23-03-2006,11460000.0,Cleantech / Semiconductors
streetcar,Streetcar,Automotive,acquired,GBR,01-01-2004,streetcar,venture,08-03-2007,12430126.0,Automotive & Sports
stylistpick,Stylistpick,Fashion,operating,GBR,01-01-2010,stylistpick,venture,12-04-2011,8000000.0,Entertainment
stylistpick,Stylistpick,Fashion,operating,GBR,01-01-2010,stylistpick,venture,02-02-2012,11000000.0,Entertainment
stylus-media,Stylus Media,Fashion,operating,GBR,01-01-2010,stylus-media,venture,26-03-2012,9000000.0,Entertainment
sumup,SumUp,Credit Cards,operating,GBR,01-01-2011,sumup,venture,10-06-2015,11293649.0,"Social, Finance, Analytics, Advertising"
sumup,SumUp,Credit Cards,operating,GBR,01-01-2011,sumup,venture,13-08-2014,13000000.0,"Social, Finance, Analytics, Advertising"
superawesome,SuperAwesome,Games,operating,GBR,01-01-2013,superawesome,venture,17-07-2015,7000000.0,Entertainment
supponor,Supponor,Advertising,operating,GBR,,supponor,venture,28-08-2008,8812384.0,"Social, Finance, Analytics, Advertising"
surrey-nanosystems,Surrey NanoSystems,Nanotechnology,operating,GBR,01-01-2005,surrey-nanosystems,venture,13-03-2012,7030391.0,Cleantech / Semiconductors
suso,Suso,Hospitality,acquired,GBR,,suso,venture,24-09-2007,8076566.0,Others
swoon-editions,Swoon Editions,E-Commerce,operating,GBR,22-03-2012,swoon-editions,venture,21-07-2014,6802219.0,Others
syntaxin,Syntaxin,Biotechnology,acquired,GBR,,syntaxin,venture,14-11-2005,10390000.0,Cleantech / Semiconductors
takeda-cambridge,Takeda Cambridge,Biotechnology,operating,GBR,,takeda-cambridge,venture,07-07-2006,12960000.0,Cleantech / Semiconductors
takeda-cambridge,Takeda Cambridge,Biotechnology,operating,GBR,,takeda-cambridge,venture,07-01-2005,9380000.0,Cleantech / Semiconductors
tamoco,Tamoco,Advertising,operating,GBR,01-10-2012,tamoco,venture,21-08-2014,5000000.0,"Social, Finance, Analytics, Advertising"
tao-group-2,Tao Group,Application Platforms,operating,GBR,01-01-1992,tao-group-2,venture,06-05-2004,7000000.0,"News, Search and Messaging"
telepartner,Telepartner,Enterprise Software,operating,GBR,01-01-1987,telepartner,venture,25-05-2007,7000000.0,Others
teraview,TeraView,Manufacturing,operating,GBR,01-01-2001,teraview,venture,21-10-2015,10000000.0,Manufacturing
teraview,TeraView,Manufacturing,operating,GBR,01-01-2001,teraview,venture,26-01-2012,5500000.0,Manufacturing
tesco,Tesco,Enterprise Software,ipo,GBR,01-01-1919,tesco,venture,15-07-2010,8437845.0,Others
the-currency-cloud,Currency Cloud,Developer APIs,operating,GBR,01-01-2012,the-currency-cloud,venture,15-04-2014,10000000.0,"Social, Finance, Analytics, Advertising"
the-fizzback-group,The Fizzback Group,Customer Service,acquired,GBR,01-01-2005,the-fizzback-group,venture,01-03-2007,5000000.0,"Social, Finance, Analytics, Advertising"
the-fresh-group,The fresh Group,Event Management,operating,GBR,01-01-2004,the-fresh-group,venture,05-06-2014,9542943.0,Entertainment
thefilter,The Filter,Personalization,operating,GBR,01-01-2004,thefilter,venture,01-08-2007,5000000.0,Others
thread-com,Thread,Algorithms,operating,GBR,01-06-2012,thread-com,venture,23-08-2015,8000000.0,Others
ticketscript,ticketscript,Event Management,operating,GBR,01-12-2006,ticketscript,venture,28-05-2014,11730685.0,Entertainment
tideway-systems-ltd,Tideway Systems ltd,Information Technology,operating,GBR,,tideway-systems-ltd,venture,06-05-2004,5800000.0,"Social, Finance, Analytics, Advertising"
tigerspike,Tigerspike,Enterprise Software,operating,GBR,11-09-2003,tigerspike,venture,18-07-2011,11000000.0,Others
top10-com,Top10,Travel,operating,GBR,01-02-2011,top10-com,venture,02-03-2014,8000000.0,Entertainment
topivert,TopiVert,Health Care,operating,GBR,,topivert,venture,12-01-2014,6818631.0,Health
topivert,TopiVert,Health Care,operating,GBR,,topivert,venture,06-12-2011,12509719.0,Health
tpp-global-development,TPP Global Development,Biotechnology,operating,GBR,,tpp-global-development,venture,19-07-2010,12200000.0,Cleantech / Semiconductors
trafi,TRAFI,Apps,operating,GBR,01-09-2013,trafi,venture,19-05-2015,6500000.0,"News, Search and Messaging"
trampoline-systems,Trampoline Systems,Enterprise Software,operating,GBR,01-10-2003,trampoline-systems,venture,15-03-2007,5799119.0,Others
transferwise,TransferWise,Consumers,operating,GBR,01-03-2010,transferwise,venture,13-05-2013,6000000.0,"Social, Finance, Analytics, Advertising"
trema-group,Trema Group,Software,acquired,GBR,01-01-1992,trema-group,venture,03-03-2005,10510000.0,Others
trialreach,TrialReach,Clinical Trials,operating,GBR,01-01-2009,trialreach,venture,05-02-2015,13500000.0,Health
tribold,Tribold,Software,acquired,GBR,01-01-2003,tribold,venture,22-03-2007,15000000.0,Others
tribold,Tribold,Software,acquired,GBR,01-01-2003,tribold,venture,14-01-2009,11000000.0,Others
troux-technologies,Troux Technologies,Career Planning,acquired,GBR,01-01-2001,troux-technologies,venture,19-11-2007,7850000.0,"Social, Finance, Analytics, Advertising"
troux-technologies,Troux Technologies,Career Planning,acquired,GBR,01-01-2001,troux-technologies,venture,08-10-2009,10000000.0,"Social, Finance, Analytics, Advertising"
tssi-systems,TSSI Systems,Security,operating,GBR,,tssi-systems,venture,26-07-2005,6084330.0,Others
turbulenz,Turbulenz,Games,operating,GBR,01-01-2009,turbulenz,venture,10-11-2010,5000000.0,Entertainment
twenga,Twenga,Advertising,operating,GBR,17-09-2006,twenga,venture,29-05-2015,10933741.0,"Social, Finance, Analytics, Advertising"
ubiquisys,Ubiquisys,Mobile,acquired,GBR,01-01-2004,ubiquisys,venture,07-09-2006,12000000.0,"News, Search and Messaging"
ubiquisys,Ubiquisys,Mobile,acquired,GBR,01-01-2004,ubiquisys,venture,12-07-2010,9000000.0,"News, Search and Messaging"
ubiquisys,Ubiquisys,Mobile,acquired,GBR,01-01-2004,ubiquisys,venture,11-08-2009,11000000.0,"News, Search and Messaging"
ubiquisys,Ubiquisys,Mobile,acquired,GBR,01-01-2004,ubiquisys,venture,22-09-2010,5000000.0,"News, Search and Messaging"
udex,Udex,Enterprise Software,acquired,GBR,01-01-1998,udex,venture,22-03-2005,5000000.0,Others
ukash,KaliteUKASH,E-Commerce,operating,GBR,01-01-2001,ukash,venture,29-09-2008,14400000.0,Others
unii,Unii,Software,operating,GBR,27-10-2012,unii,venture,09-08-2012,7039132.0,Others
usentric,Usentric,Security,operating,GBR,,usentric,venture,11-04-2006,6110000.0,Others
vairex-international,VAIREX international,Clean Technology,operating,GBR,,vairex-international,venture,23-09-2008,7411357.0,Cleantech / Semiconductors
valldata-services,Valldata Services,Nonprofits,operating,GBR,,valldata-services,venture,29-01-2011,10351376.0,Others
vantia-therapeutics,Vantia Therapeutics,Biotechnology,operating,GBR,,vantia-therapeutics,venture,06-07-2011,6500000.0,Cleantech / Semiconductors
vector-watch,Vector Watch,Watch,operating,GBR,01-01-2013,vector-watch,venture,25-11-2015,5000000.0,Others
veebeam,Veebeam,Hardware + Software,operating,GBR,,veebeam,venture,12-10-2010,6000000.0,Manufacturing
velocity-2,Velocity,Hospitality,operating,GBR,01-04-2014,velocity-2,venture,29-06-2015,12000000.0,Others
venation,Venation,Contact Management,operating,GBR,01-01-2001,venation,venture,19-02-2001,10200000.0,"Social, Finance, Analytics, Advertising"
verona-pharma,Verona Pharma,Biotechnology,operating,GBR,,verona-pharma,venture,06-02-2012,11500000.0,Cleantech / Semiconductors
veryan-holdings,Veryan Medical,Health Care,operating,GBR,,veryan-holdings,venture,02-07-2007,6234411.0,Health
veryan-holdings,Veryan Medical,Health Care,operating,GBR,,veryan-holdings,venture,05-04-2010,5400000.0,Health
victor,Victor,Customer Service,operating,GBR,01-01-2010,victor,venture,14-07-2015,5000000.0,"Social, Finance, Analytics, Advertising"
victor,Victor,Customer Service,operating,GBR,01-01-2010,victor,venture,26-03-2015,8000000.0,"Social, Finance, Analytics, Advertising"
victor,Victor,Customer Service,operating,GBR,01-01-2010,victor,venture,21-01-2014,8500000.0,"Social, Finance, Analytics, Advertising"
videoplaza,Videoplaza,Advertising,acquired,GBR,01-11-2007,videoplaza,venture,01-02-2012,12000000.0,"Social, Finance, Analytics, Advertising"
virtensys,VirtenSys,Infrastructure,acquired,GBR,01-01-2005,virtensys,venture,31-01-2008,12000000.0,"Social, Finance, Analytics, Advertising"
viscose-closures,Viscose Closures,Manufacturing,operating,GBR,,viscose-closures,venture,20-02-2012,7930416.0,Manufacturing
vodat-international,Vodat International,Web Hosting,operating,GBR,,vodat-international,venture,06-04-2012,7927687.0,Others
volantis,Volantis Systems,Software,acquired,GBR,01-01-2000,volantis,venture,13-09-2005,7500000.0,Others
wahanda,Wahanda,Beauty,acquired,GBR,14-02-2008,wahanda,venture,17-10-2011,8682611.0,Health
watchfinder,Watchfinder,Brand Marketing,operating,GBR,01-01-2001,watchfinder,venture,10-09-2014,10000000.0,"Social, Finance, Analytics, Advertising"
watson-brown,Watson Brown,Clean Technology,operating,GBR,01-01-1997,watson-brown,venture,08-09-2008,6393044.0,Cleantech / Semiconductors
wayn,WAYN,Photography,operating,GBR,01-01-2002,wayn,venture,01-11-2006,11000000.0,Entertainment
we-r-interactive,We R Interactive,Film,operating,GBR,01-01-2010,we-r-interactive,venture,13-05-2011,5000000.0,Entertainment
weaveworks,Weaveworks,Application Performance Monitoring,operating,GBR,,weaveworks,venture,03-12-2014,5000000.0,"News, Search and Messaging"
wecomm,weComm,Mobile,acquired,GBR,,wecomm,venture,14-08-2007,6033021.0,"News, Search and Messaging"
weswap-com,WeSwap.com,Travel,operating,GBR,01-01-2010,weswap-com,venture,26-10-2014,7500000.0,Entertainment
wonga,Wonga,Credit,operating,GBR,01-10-2007,wonga,venture,01-06-2007,6000000.0,"Social, Finance, Analytics, Advertising"
workangel,WorkAngel,Application Platforms,operating,GBR,01-01-2013,workangel,venture,19-01-2015,5000000.0,"News, Search and Messaging"
wunderloop,wunderloop,Advertising,acquired,GBR,01-01-1999,wunderloop,venture,01-01-2007,10000000.0,"Social, Finance, Analytics, Advertising"
xconnect,XConnect Global Networks,Messaging,operating,GBR,01-01-2005,xconnect,venture,16-09-2009,10000000.0,"News, Search and Messaging"
xconnect,XConnect Global Networks,Messaging,operating,GBR,01-01-2005,xconnect,venture,24-04-2007,12000000.0,"News, Search and Messaging"
xenetic-biosciences,Xenetic Biosciences,Biotechnology,operating,GBR,,xenetic-biosciences,venture,31-01-2014,10000000.0,Cleantech / Semiconductors
xention,Xention,Biotechnology,operating,GBR,,xention,venture,10-09-2003,6351289.0,Cleantech / Semiconductors
xention,Xention,Biotechnology,operating,GBR,,xention,venture,24-11-2010,12700000.0,Cleantech / Semiconductors
xercise4less,Xercise4less,Health and Wellness,operating,GBR,01-01-2009,xercise4less,venture,27-08-2013,7781818.0,Health
xercise4less,Xercise4less,Health and Wellness,operating,GBR,01-01-2009,xercise4less,venture,12-01-2015,7586217.0,Health
xmos,XMOS,Semiconductors,operating,GBR,01-01-2005,xmos,venture,03-12-2013,14000000.0,Cleantech / Semiconductors
xo1,XO1,Biotechnology,operating,GBR,01-04-2013,xo1,venture,17-06-2013,11000000.0,Cleantech / Semiconductors
yasa-motors,YASA Motors,Automotive,operating,GBR,,yasa-motors,venture,20-01-2014,7576257.0,Automotive & Sports
yd-world,Yieldr,Advertising,operating,GBR,06-02-2008,yd-world,venture,16-09-2013,5918360.0,"Social, Finance, Analytics, Advertising"
yieldify,Yieldify,Algorithms,operating,GBR,01-06-2013,yieldify,venture,25-06-2015,11500000.0,Others
yoyo,Yoyo Wallet,Loyalty Programs,operating,GBR,01-05-2013,yoyo,venture,15-04-2015,10000000.0,Others
yplan,YPlan,Entertainment,operating,GBR,02-02-2012,yplan,venture,04-06-2013,12000000.0,Entertainment
zbd-displays,ZBD Displays,Software,operating,GBR,01-01-1991,zbd-displays,venture,30-08-2006,5430000.0,Others
zesty,Zesty,Curated Web,operating,GBR,01-05-2013,zesty,venture,10-05-2015,7200000.0,"News, Search and Messaging"
zeus,Zeus,Software,acquired,GBR,01-01-1995,zeus,venture,08-03-2005,5755911.0,Others
zeus,Zeus,Software,acquired,GBR,01-01-1995,zeus,venture,19-11-2001,5100000.0,Others
ziarco-pharma,Ziarco Pharma,Biotechnology,operating,GBR,,ziarco-pharma,venture,05-11-2012,6000000.0,Cleantech / Semiconductors
zinwave,Zinwave,Mobile,acquired,GBR,01-01-2005,zinwave,venture,06-03-2008,9961962.0,"News, Search and Messaging"
zinwave,Zinwave,Mobile,acquired,GBR,01-01-2005,zinwave,venture,03-08-2005,7640000.0,"News, Search and Messaging"
zoopla,Zoopla,Property Management,ipo,GBR,01-06-2007,zoopla,venture,23-12-2010,5005659.0,"Social, Finance, Analytics, Advertising"
zoopla,Zoopla,Property Management,ipo,GBR,01-06-2007,zoopla,venture,19-01-2009,5440000.0,"Social, Finance, Analytics, Advertising"
zopa,Zopa,Finance,operating,GBR,01-03-2005,zopa,venture,20-03-2007,12900000.0,"Social, Finance, Analytics, Advertising"
zopa,Zopa,Finance,operating,GBR,01-03-2005,zopa,venture,01-03-2006,15000000.0,"Social, Finance, Analytics, Advertising"
zopa,Zopa,Finance,operating,GBR,01-03-2005,zopa,venture,01-07-2006,5000000.0,"Social, Finance, Analytics, Advertising"
zynstra,Zynstra,Software,operating,GBR,30-11-2011,zynstra,venture,09-07-2014,8400000.0,Others
