permalink,name,category_list,status,country_code,founded_at,company_permalink,funding_round_type,funded_at,raised_amount_usd,main_sector
fame,#fame,Media,operating,IND,,fame,venture,05-01-2015,10000000.0,Entertainment
21diamonds-india,21Diamonds,E-Commerce,operating,IND,01-06-2012,21diamonds-india,venture,15-11-2012,6369507.0,Others
a-little-world,A LITTLE WORLD,Finance,operating,IND,02-03-2000,a-little-world,venture,09-09-2008,6410000.0,"Social, Finance, Analytics, Advertising"
adlabs-imagica,Adlabs Imagica,Entertainment,operating,IND,,adlabs-imagica,venture,28-10-2014,8180000.0,Entertainment
agile,Agile,Finance,operating,IND,,agile,venture,01-05-2011,5740000.0,"Social, Finance, Analytics, Advertising"
akosha,Akosha,Consumer Internet,operating,IND,01-06-2010,akosha,venture,01-07-2014,5000000.0,"Social, Finance, Analytics, Advertising"
amagi-media-labs,Amagi Media Labs,Advertising,operating,IND,01-01-2008,amagi-media-labs,venture,17-06-2013,5500000.0,"Social, Finance, Analytics, Advertising"
ameyo,Ameyo,Software,operating,IND,01-01-2003,ameyo,venture,03-07-2015,5000000.0,Others
ani-technologies,Ola,Automotive,operating,IND,03-12-2010,ani-technologies,venture,10-04-2012,5000000.0,Automotive & Sports
annapurna-microfinace,Annapurna Microfinace,Finance,operating,IND,01-01-2009,annapurna-microfinace,venture,26-03-2014,5000000.0,"Social, Finance, Analytics, Advertising"
apalya,Apalya,Content,operating,IND,01-01-2005,apalya,venture,12-01-2011,7500000.0,Entertainment
apalya,Apalya,Content,operating,IND,01-01-2005,apalya,venture,01-12-2012,8000000.0,Entertainment
apnaloan,ApnaPaisa,Credit,operating,IND,01-01-2007,apnaloan,venture,01-12-2007,15000000.0,"Social, Finance, Analytics, Advertising"
applabs,AppLabs,Software,acquired,IND,01-01-2001,applabs,venture,29-06-2006,10000000.0,Others
appsdaily-solutions,Appsdaily Solutions,Software,operating,IND,01-01-2008,appsdaily-solutions,venture,10-04-2014,5000000.0,Others
ariisto,Ariisto,Real Estate,operating,IND,01-01-2006,ariisto,venture,24-01-2014,12000000.0,Others
ather-energy,Ather Energy,Automotive,operating,IND,01-04-2013,ather-energy,venture,29-05-2015,12000000.0,Automotive & Sports
attero-recycling,Attero,Clean Technology,operating,IND,01-01-2007,attero-recycling,venture,21-08-2008,6300000.0,Cleantech / Semiconductors
aujas-networks,Aujas Networks,Security,operating,IND,01-01-2008,aujas-networks,venture,27-11-2013,5400000.0,Others
authorstream,authorSTREAM.com,Collaboration,operating,IND,01-05-2007,authorstream,venture,15-12-2010,5000000.0,"Social, Finance, Analytics, Advertising"
avesthagen,Avesthagen,Biotechnology,operating,IND,,avesthagen,venture,07-05-2007,5530000.0,Cleantech / Semiconductors
azure-hospitality,Azure Hospitality,Hospitality,operating,IND,01-01-2009,azure-hospitality,venture,13-07-2015,10000000.0,Others
azure-power,Azure Power,Clean Technology,operating,IND,01-01-2008,azure-power,venture,18-04-2013,10000000.0,Cleantech / Semiconductors
azure-power,Azure Power,Clean Technology,operating,IND,01-01-2008,azure-power,venture,01-07-2014,15000000.0,Cleantech / Semiconductors
azure-power,Azure Power,Clean Technology,operating,IND,01-01-2008,azure-power,venture,22-11-2011,13600000.0,Cleantech / Semiconductors
azure-power,Azure Power,Clean Technology,operating,IND,01-01-2008,azure-power,venture,06-09-2012,8600000.0,Cleantech / Semiconductors
babajob,Babajob,Curated Web,operating,IND,27-08-2007,babajob,venture,28-04-2015,10000000.0,"News, Search and Messaging"
bakers-circle,Bakers Circle,Food Processing,operating,IND,01-01-2001,bakers-circle,venture,23-02-2015,9600000.0,Manufacturing
bankbazaar,BankBazaar.com,Credit Cards,operating,IND,01-07-2008,bankbazaar,venture,18-03-2011,6000000.0,"Social, Finance, Analytics, Advertising"
bankbazaar,BankBazaar.com,Credit Cards,operating,IND,01-07-2008,bankbazaar,venture,13-01-2014,13000000.0,"Social, Finance, Analytics, Advertising"
belong,Belong,Internet,operating,IND,01-01-2014,belong,venture,22-06-2015,5000000.0,"News, Search and Messaging"
bharat-light-and-power-group-private-limited,Bharat Light and Power Group,Clean Technology,operating,IND,01-01-2010,bharat-light-and-power-group-private-limited,venture,05-07-2011,6100000.0,Cleantech / Semiconductors
bharat-light-and-power-group-private-limited,Bharat Light and Power Group,Clean Technology,operating,IND,01-01-2010,bharat-light-and-power-group-private-limited,venture,23-10-2012,9250000.0,Cleantech / Semiconductors
bharat-matrimony,Bharat Matrimony,Curated Web,operating,IND,12-03-1969,bharat-matrimony,venture,05-02-2008,11750000.0,"News, Search and Messaging"
bluestone-com,Bluestone.com,Curated Web,operating,IND,01-01-2011,bluestone-com,venture,24-01-2012,5000000.0,"News, Search and Messaging"
bluestone-com,Bluestone.com,Curated Web,operating,IND,01-01-2011,bluestone-com,venture,18-03-2014,10000000.0,"News, Search and Messaging"
bookmycab,Bookmycab,Public Transportation,operating,IND,01-01-2012,bookmycab,venture,19-02-2014,6500000.0,Health
canvera-digital-technologies,Canvera Digital Technologies,Software,operating,IND,01-01-2007,canvera-digital-technologies,venture,29-08-2012,6500000.0,Others
capital-float,Capital Float,Financial Services,operating,IND,01-01-2013,capital-float,venture,10-02-2015,13000000.0,"Social, Finance, Analytics, Advertising"
caratlane,CaratLane,E-Commerce,operating,IND,01-10-2008,caratlane,venture,22-06-2011,6000000.0,Others
caratlane,CaratLane,E-Commerce,operating,IND,01-10-2008,caratlane,venture,13-05-2013,15000000.0,Others
cardekho,Cardekho,Automotive,operating,IND,01-01-2005,cardekho,venture,27-11-2013,15000000.0,Automotive & Sports
carwale,CarWale,E-Commerce,acquired,IND,01-01-2005,carwale,venture,05-11-2008,7000000.0,Others
casa-grande,Casa Grande,Real Estate,operating,IND,01-01-2004,casa-grande,venture,17-06-2013,9500000.0,Others
ce-info-systems,CE Info Systems,Software,operating,IND,01-01-1992,ce-info-systems,venture,15-02-2009,9000000.0,Others
centre-for-sight,Centre for Sight,Biotechnology,operating,IND,01-01-1996,centre-for-sight,venture,03-07-2013,5000000.0,Cleantech / Semiconductors
chai-point,Chai Point,Food Processing,operating,IND,01-01-2010,chai-point,venture,16-09-2015,10000000.0,Manufacturing
chakpak-media,Chakpak Media,News,operating,IND,,chakpak-media,venture,22-12-2008,5000000.0,"News, Search and Messaging"
chef-s-basket,Chef's Basket,Restaurants,operating,IND,,chef-s-basket,venture,10-11-2015,6000000.0,Entertainment
chillr-2,Chillr,Apps,operating,IND,22-12-2013,chillr-2,venture,02-10-2015,6000000.0,"News, Search and Messaging"
citrus,Citrus Payment,E-Commerce,operating,IND,01-01-2011,citrus,venture,06-12-2013,5500000.0,Others
classteacher-learning-systems,Classteacher Learning Systems,EdTech,operating,IND,01-01-1999,classteacher-learning-systems,venture,27-06-2011,15000000.0,Others
cleartrip,Cleartrip,Travel,operating,IND,04-07-2006,cleartrip,venture,12-12-2006,8000000.0,Entertainment
cleartrip,Cleartrip,Travel,operating,IND,04-07-2006,cleartrip,venture,12-05-2014,5400000.0,Entertainment
collectabillia-com,Collectabillia.com,Fashion,operating,IND,01-01-2010,collectabillia-com,venture,10-07-2015,7500000.0,Entertainment
collectabillia-com,Collectabillia.com,Fashion,operating,IND,01-01-2010,collectabillia-com,venture,07-07-2015,7500000.0,Entertainment
commonfloor,CommonFloor,Real Estate,operating,IND,01-01-2007,commonfloor,venture,08-01-2015,15000000.0,Others
commonfloor,CommonFloor,Real Estate,operating,IND,01-01-2007,commonfloor,venture,19-01-2014,10400000.0,Others
commonfloor,CommonFloor,Real Estate,operating,IND,01-01-2007,commonfloor,venture,04-06-2013,7500000.0,Others
connectm-technology-solutions,ConnectM Technology Solutions,Intellectual Asset Management,operating,IND,01-01-2007,connectm-technology-solutions,venture,27-06-2007,6000000.0,Others
conquest,Conquest,Startups,operating,IND,,conquest,venture,06-08-2001,6000000.0,Others
core-diagnostics,Core Diagnostics,Biotechnology,operating,IND,,core-diagnostics,venture,01-07-2012,5000000.0,Cleantech / Semiconductors
coverfox-insurance-broking,Coverfox Insurance,Insurance,operating,IND,01-01-2013,coverfox-insurance-broking,venture,24-04-2015,12000000.0,"Social, Finance, Analytics, Advertising"
crmnext,CRMNEXT,CRM,operating,IND,01-01-2002,crmnext,venture,06-05-2014,7003500.0,"Social, Finance, Analytics, Advertising"
culturealley,CultureAlley,Browser Extensions,operating,IND,01-12-2012,culturealley,venture,03-07-2015,6500000.0,"News, Search and Messaging"
cura-healthcare,CURA Healthcare,Health and Wellness,operating,IND,01-07-2001,cura-healthcare,venture,11-06-2014,6000000.0,Health
cura-healthcare,CURA Healthcare,Health and Wellness,operating,IND,01-07-2001,cura-healthcare,venture,01-01-2012,9000000.0,Health
cygnus-medicare,Cygnus Medicare,Health and Wellness,operating,IND,01-01-2011,cygnus-medicare,venture,17-10-2014,9760000.0,Health
daksh-infosoft,Daksh Infosoft,Advertising,acquired,IND,,daksh-infosoft,venture,24-09-2001,6000000.0,"Social, Finance, Analytics, Advertising"
delhivery,Delhivery,Logistics,operating,IND,01-01-2011,delhivery,venture,30-09-2013,6000000.0,Others
dhruva,Dhruva,Games,operating,IND,01-01-1997,dhruva,venture,27-11-2006,5000000.0,Entertainment
dixon-technologies,Dixon Technologies,Hardware + Software,operating,IND,,dixon-technologies,venture,28-04-2008,9350000.0,Manufacturing
dogspot,DogSpot,Pets,operating,IND,01-01-2007,dogspot,venture,13-12-2013,5000000.0,Health
easylink,EasyLink,Web Design,ipo,IND,14-04-1995,easylink,venture,13-04-2006,5400000.0,"News, Search and Messaging"
ebs-worldwide-services,EBS Worldwide Services,Advertising,operating,IND,01-01-2000,ebs-worldwide-services,venture,07-06-2006,5500000.0,"Social, Finance, Analytics, Advertising"
eka-software-solutions,Eka Software Solutions,Analytics,operating,IND,01-01-2004,eka-software-solutions,venture,01-01-2005,6000000.0,"Social, Finance, Analytics, Advertising"
eka-software-solutions,Eka Software Solutions,Analytics,operating,IND,01-01-2004,eka-software-solutions,venture,01-01-2009,10000000.0,"Social, Finance, Analytics, Advertising"
eko-india-financial-services,Eko India Financial Services,Finance,operating,IND,,eko-india-financial-services,venture,11-07-2011,5500000.0,"Social, Finance, Analytics, Advertising"
electronic-payment-and-services,Electronic Payment and Services (EPS),Hardware + Software,operating,IND,01-01-2012,electronic-payment-and-services,venture,26-08-2013,6000000.0,Manufacturing
electronic-payment-and-services,Electronic Payment and Services (EPS),Hardware + Software,operating,IND,01-01-2012,electronic-payment-and-services,venture,17-12-2013,5000000.0,Manufacturing
elitecore-technologies,Elitecore Technologies,Software,acquired,IND,,elitecore-technologies,venture,19-06-2007,10300000.0,Others
emergent-ventures-india,Emergent Ventures India,Consulting,operating,IND,01-01-1999,emergent-ventures-india,venture,06-04-2008,10040000.0,"Social, Finance, Analytics, Advertising"
epiance,Epiance,Information Technology,operating,IND,01-01-2001,epiance,venture,25-05-2004,7500000.0,"Social, Finance, Analytics, Advertising"
excellence4u,Excellence4u,Consulting,operating,IND,01-01-2011,excellence4u,venture,28-05-2013,10000000.0,"Social, Finance, Analytics, Advertising"
excelsoft,Excelsoft,EdTech,operating,IND,01-01-1999,excelsoft,venture,17-09-2008,8620000.0,Others
eximsoft-trianz,EximSoft-Trianz,Software,acquired,IND,01-01-1997,eximsoft-trianz,venture,16-01-2007,14000000.0,Others
eyantra-industries,eYantra Industries,Software,operating,IND,01-01-2001,eyantra-industries,venture,08-07-2010,7500000.0,Others
eye-q,Eye-Q,Health and Wellness,operating,IND,01-01-2007,eye-q,venture,10-03-2015,9500000.0,Health
ezetap,Ezetap,Mobile,operating,IND,01-01-2011,ezetap,venture,20-02-2014,8000000.0,"News, Search and Messaging"
fashion-you,Fashion & You,E-Commerce,operating,IND,16-11-2009,fashion-you,venture,06-06-2014,10000000.0,Others
fashion-you,Fashion & You,E-Commerce,operating,IND,16-11-2009,fashion-you,venture,09-12-2010,8000000.0,Others
firepro-systems,Firepro Systems,Security,operating,IND,01-01-1992,firepro-systems,venture,04-04-2006,12000000.0,Others
firstcry-com,FirstCry.com,E-Commerce,operating,IND,01-01-2010,firstcry-com,venture,21-01-2014,15000000.0,Others
firstcry-com,FirstCry.com,E-Commerce,operating,IND,01-01-2010,firstcry-com,venture,08-04-2015,10000000.0,Others
firstcry-com,FirstCry.com,E-Commerce,operating,IND,01-01-2010,firstcry-com,venture,13-02-2012,14000000.0,Others
flipkart,Flipkart,E-Commerce,operating,IND,01-09-2007,flipkart,venture,16-06-2010,10000000.0,Others
forus-health,Forus Health,Health Care,operating,IND,,forus-health,venture,27-04-2012,5000000.0,Health
forus-health,Forus Health,Health Care,operating,IND,,forus-health,venture,09-01-2014,8400000.0,Health
fourinteractive,Four Interactive,Curated Web,operating,IND,01-01-2006,fourinteractive,venture,01-09-2007,10000000.0,"News, Search and Messaging"
freecultr,FREECULTR,Fashion,operating,IND,01-01-2011,freecultr,venture,17-07-2012,9000000.0,Entertainment
funds-india,FundsIndia,Finance,operating,IND,01-01-2009,funds-india,venture,18-06-2015,11000000.0,"Social, Finance, Analytics, Advertising"
furlenco,Furlenco,Consumers,operating,IND,01-01-2011,furlenco,venture,23-03-2015,6000000.0,"Social, Finance, Analytics, Advertising"
fusion-microfinance,Fusion Microfinance,Finance,operating,IND,01-01-2010,fusion-microfinance,venture,25-06-2015,8300000.0,"Social, Finance, Analytics, Advertising"
games2win,Games2Win,Games,operating,IND,01-01-2005,games2win,venture,29-03-2007,5000000.0,Entertainment
games2win,Games2Win,Games,operating,IND,01-01-2005,games2win,venture,30-03-2011,6000000.0,Entertainment
girnarsoft,GirnarSoft,Enterprise Software,operating,IND,01-11-2007,girnarsoft,venture,20-11-2013,15000000.0,Others
goldvip-technology-solutions-crown-it,GoldVIP Technology Solutions (Crown-it),Software,operating,IND,01-01-2013,goldvip-technology-solutions-crown-it,venture,18-05-2015,5500000.0,Others
grabhouse,Grabhouse,Real Estate,operating,IND,01-03-2013,grabhouse,venture,08-10-2015,10000000.0,Others
grameen-financial-services,Grameen Financial Services,Finance,operating,IND,01-01-1999,grameen-financial-services,venture,16-05-2014,13500000.0,"Social, Finance, Analytics, Advertising"
grameen-financial-services,Grameen Financial Services,Finance,operating,IND,01-01-1999,grameen-financial-services,venture,04-12-2013,8056050.0,"Social, Finance, Analytics, Advertising"
grofers-trusted-delivery-partner,Grofers,Consumer Electronics,operating,IND,27-12-2013,grofers-trusted-delivery-partner,venture,26-02-2015,10000000.0,Manufacturing
gupshup-technology-india-pvt-ltd,GupShup,Mobile,operating,IND,01-06-2004,gupshup-technology-india-pvt-ltd,venture,14-10-2008,11000000.0,"News, Search and Messaging"
gupshup-technology-india-pvt-ltd,GupShup,Mobile,operating,IND,01-06-2004,gupshup-technology-india-pvt-ltd,venture,02-03-2010,12000000.0,"News, Search and Messaging"
gupshup-technology-india-pvt-ltd,GupShup,Mobile,operating,IND,01-06-2004,gupshup-technology-india-pvt-ltd,venture,22-12-2006,10000000.0,"News, Search and Messaging"
hector-beverages,Hector Beverages,Consumer Goods,operating,IND,01-01-2009,hector-beverages,venture,20-05-2013,8000000.0,Manufacturing
hike,hike,Messaging,operating,IND,12-12-2012,hike,venture,31-03-2014,14000000.0,"News, Search and Messaging"
hike,hike,Messaging,operating,IND,12-12-2012,hike,venture,25-04-2013,7000000.0,"News, Search and Messaging"
hippocampus-learning-centres,Hippocampus Learning Centres,Education,operating,IND,01-01-2010,hippocampus-learning-centres,venture,16-05-2012,13000000.0,Others
hippocampus-learning-centres,Hippocampus Learning Centres,Education,operating,IND,01-01-2010,hippocampus-learning-centres,venture,16-10-2013,5000000.0,Others
holidayiq-com,HolidayIQ,Resorts,operating,IND,01-01-2004,holidayiq-com,venture,20-07-2015,15000000.0,Entertainment
holidayiq-com,HolidayIQ,Resorts,operating,IND,01-01-2004,holidayiq-com,venture,07-02-2013,5000000.0,Entertainment
hopscotch-4,Hopscotch,Baby Accessories,operating,IND,01-01-2011,hopscotch-4,venture,20-01-2015,10800000.0,Health
hurix-systems-private,Hurix Systems Private,Software,operating,IND,01-01-2001,hurix-systems-private,venture,03-10-2007,5100000.0,Others
icreate-software,iCreate Software,Software,operating,IND,01-01-2006,icreate-software,venture,12-12-2012,9200000.0,Others
id-fresh-food,iD Fresh Food,Consumer Goods,operating,IND,01-01-2006,id-fresh-food,venture,31-10-2014,5700000.0,Manufacturing
ideacts-innovations,ideacts innovations,Advertising,operating,IND,,ideacts-innovations,venture,03-07-2008,5000000.0,"Social, Finance, Analytics, Advertising"
imimobile,IMImobile,Mobile,ipo,IND,01-01-1999,imimobile,venture,13-11-2009,13000000.0,"News, Search and Messaging"
imimobile,IMImobile,Mobile,ipo,IND,01-01-1999,imimobile,venture,07-07-2006,10000000.0,"News, Search and Messaging"
incredible-technologies-pvt-ltd,Incredible Technologies (CredR),Automotive,operating,IND,01-01-2014,incredible-technologies-pvt-ltd,venture,11-09-2015,15000000.0,Automotive & Sports
india-property-online,India Property Online,E-Commerce,operating,IND,01-01-2012,india-property-online,venture,09-05-2013,7000000.0,Others
india-property-online,India Property Online,E-Commerce,operating,IND,01-01-2012,india-property-online,venture,19-12-2013,12000000.0,Others
indiaideas,IndiaIdeas,Finance,operating,IND,,indiaideas,venture,22-06-2006,7500000.0,"Social, Finance, Analytics, Advertising"
indianroots,IndianRoots,Designers,operating,IND,01-01-2013,indianroots,venture,07-09-2014,5000000.0,Automotive & Sports
industrybuying,Industrybuying,Business Services,operating,IND,,industrybuying,venture,10-09-2015,9000000.0,"Social, Finance, Analytics, Advertising"
innoviti,Innoviti,Finance,operating,IND,01-01-2002,innoviti,venture,20-07-2015,5000000.0,"Social, Finance, Analytics, Advertising"
intarvo,inTarvo,Consulting,operating,IND,01-01-1995,intarvo,venture,17-09-2009,14000000.0,"Social, Finance, Analytics, Advertising"
intarvo,inTarvo,Consulting,operating,IND,01-01-1995,intarvo,venture,16-10-2007,7900000.0,"Social, Finance, Analytics, Advertising"
ipolicy-networks,iPolicy Networks,Security,operating,IND,,ipolicy-networks,venture,04-10-2005,15000000.0,Others
iprof-learning-solutions,iProf Learning Solutions,Education,operating,IND,01-01-2009,iprof-learning-solutions,venture,23-01-2014,9000000.0,Others
iprof-learning-solutions,iProf Learning Solutions,Education,operating,IND,01-01-2009,iprof-learning-solutions,venture,01-03-2011,6000000.0,Others
ittiam-systems-pvt,Ittiam Systems (Pvt),Enterprise Software,operating,IND,01-01-2001,ittiam-systems-pvt,venture,08-12-2004,6500000.0,Others
itzcash-card-ltd,ItzCash Card Ltd.,Gift Card,operating,IND,01-01-2006,itzcash-card-ltd,venture,12-10-2007,10000000.0,Others
itzcash-card-ltd,ItzCash Card Ltd.,Gift Card,operating,IND,01-01-2006,itzcash-card-ltd,venture,02-09-2014,15000000.0,Others
ivy-health-and-life-sciences,Ivy Health and Life Sciences,Health and Wellness,operating,IND,01-01-2007,ivy-health-and-life-sciences,venture,11-06-2013,12100000.0,Health
iyogi,iYogi,Computers,operating,IND,01-01-2007,iyogi,venture,06-01-2010,15000000.0,Manufacturing
iyogi,iYogi,Computers,operating,IND,01-01-2007,iyogi,venture,01-07-2008,9500000.0,Manufacturing
jugnoo,JUGNOO,Apps,operating,IND,01-11-2014,jugnoo,venture,05-06-2015,5000000.0,"News, Search and Messaging"
k-12-techno-services,K-12 Techno Services,EdTech,operating,IND,,k-12-techno-services,venture,08-09-2010,15000000.0,Others
knowlarity-communications,Knowlarity Communications,Cloud Computing,operating,IND,17-08-2009,knowlarity-communications,venture,19-01-2012,6500000.0,"News, Search and Messaging"
komli-media,Komli Media,Advertising,operating,IND,01-10-2006,komli-media,venture,19-01-2011,15000000.0,"Social, Finance, Analytics, Advertising"
komli-media,Komli Media,Advertising,operating,IND,01-10-2006,komli-media,venture,14-07-2010,6000000.0,"Social, Finance, Analytics, Advertising"
komli-media,Komli Media,Advertising,operating,IND,01-10-2006,komli-media,venture,01-01-2008,7000000.0,"Social, Finance, Analytics, Advertising"
kotak-urja,Kotak Urja,Clean Technology,operating,IND,01-01-1997,kotak-urja,venture,10-11-2008,8000000.0,Cleantech / Semiconductors
lendingkart,Lendingkart,Financial Services,operating,IND,01-01-2014,lendingkart,venture,08-07-2015,10000000.0,"Social, Finance, Analytics, Advertising"
lenskart-com,Lenskart.com,Consumer Goods,operating,IND,01-01-2010,lenskart-com,venture,01-12-2012,10000000.0,Manufacturing
letsbuy-com,LetsBuy.com,Consumer Electronics,acquired,IND,01-01-2009,letsbuy-com,venture,18-01-2011,6000000.0,Manufacturing
liases-foras,Liases Foras,Real Estate,operating,IND,01-01-1999,liases-foras,venture,07-07-2015,5000000.0,Others
limeroad,LimeRoad,E-Commerce,operating,IND,01-01-2012,limeroad,venture,23-10-2012,5000000.0,Others
limeroad,LimeRoad,E-Commerce,operating,IND,01-01-2012,limeroad,venture,05-05-2014,15000000.0,Others
livspace,Livspace,Interior Design,operating,IND,01-01-2012,livspace,venture,11-08-2015,8000000.0,Entertainment
localbanya,LocalBanya,Curated Web,operating,IND,01-05-2012,localbanya,venture,09-01-2014,5000000.0,"News, Search and Messaging"
localoye,LocalOye,Curated Web,operating,IND,01-01-2013,localoye,venture,14-04-2015,5000000.0,"News, Search and Messaging"
loginext-solutions,LogiNext Solutions,Analytics,operating,IND,07-10-2014,loginext-solutions,venture,22-09-2015,10000000.0,"Social, Finance, Analytics, Advertising"
lybrate,Lybrate,Health and Wellness,operating,IND,01-01-2013,lybrate,venture,08-07-2015,10200000.0,Health
maharana-infrastructure-and-professional-services-private-limited-mips,Maharana Infrastructure and Professional Services Private Limited (MIPS),Education,operating,IND,,maharana-infrastructure-and-professional-services-private-limited-mips,venture,01-01-2013,13300000.0,Others
maharana-infrastructure-and-professional-services-private-limited-mips,Maharana Infrastructure and Professional Services Private Limited (MIPS),Education,operating,IND,,maharana-infrastructure-and-professional-services-private-limited-mips,venture,01-04-2011,8300000.0,Others
mahindra-first-choice,Mahindra First Choice,Cars,operating,IND,02-08-2007,mahindra-first-choice,venture,20-03-2015,15000000.0,Automotive & Sports
makemytrip-com,MakeMyTrip.com,Transportation,ipo,IND,01-01-2000,makemytrip-com,venture,08-10-2007,15000000.0,Automotive & Sports
makemytrip-com,MakeMyTrip.com,Transportation,ipo,IND,01-01-2000,makemytrip-com,venture,14-12-2006,13000000.0,Automotive & Sports
mamagoto,Mamagoto,Food Processing,operating,IND,01-01-2010,mamagoto,venture,13-07-2015,10000000.0,Manufacturing
manthan-systems,Manthan Systems,Analytics,operating,IND,01-01-2003,manthan-systems,venture,01-03-2007,5700000.0,"Social, Finance, Analytics, Advertising"
manthan-systems,Manthan Systems,Analytics,operating,IND,01-01-2003,manthan-systems,venture,09-12-2009,15000000.0,"Social, Finance, Analytics, Advertising"
manthan-systems,Manthan Systems,Analytics,operating,IND,01-01-2003,manthan-systems,venture,15-02-2012,15000000.0,"Social, Finance, Analytics, Advertising"
manthan-systems,Manthan Systems,Analytics,operating,IND,01-01-2003,manthan-systems,venture,20-11-2009,15000000.0,"Social, Finance, Analytics, Advertising"
matrimony-com,Matrimony.com,Classifieds,operating,IND,14-04-1997,matrimony-com,venture,06-02-2008,11750000.0,"News, Search and Messaging"
matrimony-com,Matrimony.com,Classifieds,operating,IND,14-04-1997,matrimony-com,venture,02-08-2006,8650000.0,"News, Search and Messaging"
meditrina-hospital,Meditrina Hospital,Hospitality,operating,IND,22-03-2010,meditrina-hospital,venture,05-09-2013,6000000.0,Others
medwell-ventures,Medwell Ventures,Health Care,operating,IND,01-01-2014,medwell-ventures,venture,03-06-2015,10000000.0,Health
microland,Microland,Analytics,operating,IND,01-01-1989,microland,venture,14-01-2005,7300000.0,"Social, Finance, Analytics, Advertising"
microland,Microland,Analytics,operating,IND,01-01-1989,microland,venture,09-08-2006,11000000.0,"Social, Finance, Analytics, Advertising"
milk-mantra,Milk Mantra,Health and Wellness,operating,IND,,milk-mantra,venture,30-06-2014,13080000.0,Health
minglebox,Minglebox,Social Media,operating,IND,01-01-2006,minglebox,venture,01-05-2007,7000000.0,"Social, Finance, Analytics, Advertising"
mistral-solutions,Mistral Solutions,Aerospace,operating,IND,01-01-1997,mistral-solutions,venture,06-02-2008,6500000.0,Automotive & Sports
mobikwik,MobiKwik,Curated Web,operating,IND,01-08-2009,mobikwik,venture,01-01-2013,5000000.0,"News, Search and Messaging"
mobile2win-india,Mobile2Win India,Mobile,operating,IND,,mobile2win-india,venture,13-11-2006,15000000.0,"News, Search and Messaging"
monarch-innovative-technologies,Monarch Innovative Technologies,Software,operating,IND,01-01-1984,monarch-innovative-technologies,venture,28-09-2010,5500000.0,Others
money-on-mobile,Money On Mobile,Curated Web,operating,IND,01-01-2010,money-on-mobile,venture,16-09-2013,10000000.0,"News, Search and Messaging"
moonfrog-labs,Moonfrog Labs,Game,operating,IND,12-10-2013,moonfrog-labs,venture,11-03-2015,15000000.0,Entertainment
mydala,mydala,E-Commerce,operating,IND,01-11-2009,mydala,venture,25-09-2011,6000000.0,Others
mydentist,MyDentist,Health Care,operating,IND,,mydentist,venture,17-06-2015,8000000.0,Health
mydentist,MyDentist,Health Care,operating,IND,,mydentist,venture,01-01-2013,10000000.0,Health
myntra,Myntra,E-Commerce,acquired,IND,01-01-2007,myntra,venture,04-11-2008,5000000.0,Others
myntra,Myntra,E-Commerce,acquired,IND,01-01-2007,myntra,venture,04-03-2011,14000000.0,Others
myntra,Myntra,E-Commerce,acquired,IND,01-01-2007,myntra,venture,01-02-2013,8000000.0,Others
myntra,Myntra,E-Commerce,acquired,IND,01-01-2007,myntra,venture,01-07-2010,11000000.0,Others
mysmartprice,MySmartPrice,Software,operating,IND,10-08-2011,mysmartprice,venture,13-07-2015,10000000.0,Others
naaptol,Naaptol,E-Commerce,operating,IND,01-01-2008,naaptol,venture,18-08-2010,8500000.0,Others
nazara-technologies,Nazara Technologies,Mobile,operating,IND,01-01-2000,nazara-technologies,venture,27-12-2007,7000000.0,"News, Search and Messaging"
neogrowth,Neogrowth,Finance,operating,IND,01-01-2010,neogrowth,venture,04-08-2015,7000000.0,"Social, Finance, Analytics, Advertising"
nephroplus,NephroPlus,Health and Wellness,operating,IND,01-01-2009,nephroplus,venture,05-03-2014,10000000.0,Health
nest-away,NestAway,Real Estate,operating,IND,01-01-2015,nest-away,venture,21-07-2015,12000000.0,Others
network18,Network18,Public Relations,acquired,IND,,network18,venture,01-10-2009,10000000.0,"Social, Finance, Analytics, Advertising"
newgen-software-technologies,Newgen Software Technologies,Software,operating,IND,01-01-1992,newgen-software-technologies,venture,07-01-2008,7650000.0,Others
nobel-hygiene,Nobel Hygiene,E-Commerce,operating,IND,01-01-2001,nobel-hygiene,venture,08-03-2013,11500000.0,Others
nsl-renewable-power,NSL Renewable Power,Clean Technology,operating,IND,01-01-1985,nsl-renewable-power,venture,29-05-2013,5000000.0,Cleantech / Semiconductors
nxtgen-data-center-cloud-services,NxtGen Data Center & Cloud Services,Software,operating,IND,01-01-2012,nxtgen-data-center-cloud-services,venture,02-09-2013,8800000.0,Others
nxtgen-data-center-cloud-services,NxtGen Data Center & Cloud Services,Software,operating,IND,01-01-2012,nxtgen-data-center-cloud-services,venture,01-07-2015,13500000.0,Others
nykaa,Nykaa,Fashion,operating,IND,,nykaa,venture,05-10-2015,9500000.0,Entertainment
octro-2,Octro,Online Gaming,operating,IND,01-01-2006,octro-2,venture,04-06-2014,15000000.0,Entertainment
omni-hospitals,Omni Hospitals,Biotechnology,operating,IND,01-01-2010,omni-hospitals,venture,07-08-2013,9800000.0,Cleantech / Semiconductors
one97-communications,One97 Communications,Mobile,operating,IND,23-12-2000,one97-communications,venture,10-10-2011,10000000.0,"News, Search and Messaging"
opinio-2,Opinio,Logistics,operating,IND,01-01-2015,opinio-2,venture,20-10-2015,7000000.0,Others
paladion,Paladion,Enterprise Software,operating,IND,01-01-2000,paladion,venture,18-06-2014,10000000.0,Others
parcelled-in,Parcelled.in,Logistics,operating,IND,01-01-2014,parcelled-in,venture,26-10-2015,5000000.0,Others
paymate-india,PayMate India,E-Commerce,operating,IND,01-01-2006,paymate-india,venture,01-06-2008,9000000.0,Others
paymate-india,PayMate India,E-Commerce,operating,IND,01-01-2006,paymate-india,venture,01-07-2006,5000000.0,Others
people-interactive-india,People Interactive (India),Curated Web,operating,IND,,people-interactive-india,venture,10-03-2006,8000000.0,"News, Search and Messaging"
pepperfry-com,Pepperfry.com,E-Commerce,operating,IND,01-01-2011,pepperfry-com,venture,02-04-2013,8000000.0,Others
pepperfry-com,Pepperfry.com,E-Commerce,operating,IND,01-01-2011,pepperfry-com,venture,12-12-2011,5000000.0,Others
pepperfry-com,Pepperfry.com,E-Commerce,operating,IND,01-01-2011,pepperfry-com,venture,27-05-2014,15000000.0,Others
peppertap,PepperTap,Apps,operating,IND,26-11-2014,peppertap,venture,14-04-2015,10000000.0,"News, Search and Messaging"
perfint-healthcare,Perfint Healthcare,Biotechnology,operating,IND,01-01-2005,perfint-healthcare,venture,01-07-2010,7200000.0,Cleantech / Semiconductors
perfint-healthcare,Perfint Healthcare,Biotechnology,operating,IND,01-01-2005,perfint-healthcare,venture,01-12-2011,8000000.0,Cleantech / Semiconductors
perfint-healthcare,Perfint Healthcare,Biotechnology,operating,IND,01-01-2005,perfint-healthcare,venture,01-01-2013,14000000.0,Cleantech / Semiconductors
pokkt,POKKT,Games,operating,IND,01-08-2012,pokkt,venture,03-11-2015,5000000.0,Entertainment
policybazaar,PolicyBazaar,Finance,operating,IND,01-01-2008,policybazaar,venture,08-04-2013,5000000.0,"Social, Finance, Analytics, Advertising"
portea-medical,Portea Medical,Health Care,operating,IND,,portea-medical,venture,02-12-2013,9000000.0,Health
power-mech-projects,Power Mech Projects,Construction,operating,IND,01-01-1999,power-mech-projects,venture,07-08-2015,13000000.0,Manufacturing
power2sme,Power2SME,Enterprise Software,operating,IND,01-01-2012,power2sme,venture,15-09-2014,6800000.0,Others
power2sme,Power2SME,Enterprise Software,operating,IND,01-01-2012,power2sme,venture,24-07-2013,6000000.0,Others
prabhat-fresh,Prabhat fresh,Distribution,operating,IND,01-01-1998,prabhat-fresh,venture,23-09-2015,12800000.0,Others
prime-focus-technologies,Prime Focus Technologies,Software,operating,IND,01-01-2008,prime-focus-technologies,venture,09-04-2014,7500000.0,Others
prizm-payment-services,Prizm Payment Services,Finance,acquired,IND,01-01-2008,prizm-payment-services,venture,05-08-2011,8000000.0,"Social, Finance, Analytics, Advertising"
qikpod,Qikpod,Logistics,operating,IND,01-01-2015,qikpod,venture,30-11-2015,9000000.0,Others
quick-heal-technologies,Quick Heal Technologies,Software,operating,IND,,quick-heal-technologies,venture,18-08-2010,13000000.0,Others
quikr-india,Quikr,Curated Web,operating,IND,12-01-2008,quikr-india,venture,09-05-2011,8000000.0,"News, Search and Messaging"
quikr-india,Quikr,Curated Web,operating,IND,12-01-2008,quikr-india,venture,31-03-2010,6000000.0,"News, Search and Messaging"
qwikcilver-solutions,QwikCilver Solutions,Computers,operating,IND,,qwikcilver-solutions,venture,24-12-2014,10000000.0,Manufacturing
qyuki,Qyuki,Collaboration,operating,IND,01-06-2011,qyuki,venture,14-02-2012,5400000.0,"Social, Finance, Analytics, Advertising"
qyuki,Qyuki,Collaboration,operating,IND,01-06-2011,qyuki,venture,16-01-2015,10000000.0,"Social, Finance, Analytics, Advertising"
razorpay,Razorpay,FinTech,operating,IND,01-01-2013,razorpay,venture,27-10-2015,9000000.0,"Social, Finance, Analytics, Advertising"
redbus-in,redBus.in,Curated Web,acquired,IND,01-01-2006,redbus-in,venture,01-03-2011,6428770.0,"News, Search and Messaging"
reviews42,Reviews42,Curated Web,operating,IND,28-12-2010,reviews42,venture,07-07-2014,5000000.0,"News, Search and Messaging"
reznext,RezNext,Hospitality,operating,IND,01-01-2012,reznext,venture,08-12-2014,5000000.0,Others
roadrunnr,Roadrunnr,Delivery,operating,IND,01-01-2015,roadrunnr,venture,21-06-2015,11000000.0,"News, Search and Messaging"
roadrunnr,Roadrunnr,Delivery,operating,IND,01-01-2015,roadrunnr,venture,26-10-2015,10000000.0,"News, Search and Messaging"
roposo,Roposo,E-Commerce,operating,IND,01-01-2012,roposo,venture,17-08-2015,15000000.0,Others
roposo,Roposo,E-Commerce,operating,IND,01-01-2012,roposo,venture,26-03-2015,5000000.0,Others
sanghvi,Sanghvi,Real Estate,operating,IND,01-01-2010,sanghvi,venture,10-03-2014,10000000.0,Others
sapience-analytics-private-limited,Sapience Analytics Private Limited,Human Resources,operating,IND,01-01-2009,sapience-analytics-private-limited,venture,13-10-2014,7400000.0,Others
satin-creditcare-network-limited-scnl,Satin Creditcare Network Limited (SCNL),Nonprofits,operating,IND,,satin-creditcare-network-limited-scnl,venture,22-06-2015,8100000.0,Others
securens,Securens,Security,operating,IND,01-01-2012,securens,venture,23-05-2014,5000000.0,Others
sequent-scientific,SeQuent Scientific,Cosmetics,ipo,IND,,sequent-scientific,venture,16-04-2015,8400000.0,Health
shadowfax-technologies,Shadowfax Technologies,Internet,operating,IND,01-01-2015,shadowfax-technologies,venture,12-09-2015,8500000.0,"News, Search and Messaging"
shiram-credit,Shiram Credit,Finance,operating,IND,,shiram-credit,venture,18-09-2011,15000000.0,"Social, Finance, Analytics, Advertising"
shopclues-com,ShopClues.com,Consumer Internet,operating,IND,01-01-2011,shopclues-com,venture,01-03-2014,15000000.0,"Social, Finance, Analytics, Advertising"
shopclues-com,ShopClues.com,Consumer Internet,operating,IND,01-01-2011,shopclues-com,venture,19-03-2013,10000000.0,"Social, Finance, Analytics, Advertising"
shubham-housing-development-finance-company,Shubham Housing Development Finance Company,Financial Services,operating,IND,01-01-2010,shubham-housing-development-finance-company,venture,30-11-2012,8000000.0,"Social, Finance, Analytics, Advertising"
skanray-technologies,Skanray Technologies,Manufacturing,operating,IND,01-01-2007,skanray-technologies,venture,03-09-2013,14750000.0,Manufacturing
smartairtrip,Smartairtrip,Hotels,operating,IND,,smartairtrip,venture,23-02-2015,10000000.0,Entertainment
sms-gupshup,SMS GupShup,Mobile,operating,IND,01-06-1994,sms-gupshup,venture,20-01-2010,12000000.0,"News, Search and Messaging"
sms-gupshup,SMS GupShup,Mobile,operating,IND,01-06-1994,sms-gupshup,venture,31-08-2011,10000000.0,"News, Search and Messaging"
snapdeal,Snapdeal,E-Commerce,operating,IND,01-01-2010,snapdeal,venture,01-01-2011,12000000.0,Others
somany-ceramics,Somany Ceramics,Manufacturing,operating,IND,01-01-1969,somany-ceramics,venture,27-02-2014,8000000.0,Manufacturing
speakwell-enterprises,Speakwell Enterprises,Communications Infrastructure,operating,IND,,speakwell-enterprises,venture,10-03-2015,10000000.0,Manufacturing
spire-technologies,Spire Technologies,Analytics,operating,IND,01-01-2008,spire-technologies,venture,11-12-2013,8000000.0,"Social, Finance, Analytics, Advertising"
sportzvillage,SportzVillage,Events,operating,IND,,sportzvillage,venture,05-10-2015,10000000.0,Entertainment
sunborne-energy,SunBorne Energy,Clean Technology,operating,IND,01-01-2008,sunborne-energy,venture,16-12-2009,5000000.0,Cleantech / Semiconductors
sunborne-energy,SunBorne Energy,Clean Technology,operating,IND,01-01-2008,sunborne-energy,venture,20-06-2012,5000000.0,Cleantech / Semiconductors
surewaves,SureWaves,News,operating,IND,01-09-2006,surewaves,venture,13-01-2014,5700000.0,"News, Search and Messaging"
tastykhana,TastyKhana,E-Commerce,acquired,IND,01-01-2007,tastykhana,venture,13-06-2013,5000000.0,Others
taxiforsure-com,TaxiForSure.com,Automotive,acquired,IND,01-06-2011,taxiforsure-com,venture,18-04-2014,10000000.0,Automotive & Sports
teabox,Teabox,E-Commerce,operating,IND,01-07-2012,teabox,venture,24-03-2015,6000000.0,Others
tejas-networks-india,Tejas Networks India,Web Hosting,operating,IND,01-01-2000,tejas-networks-india,venture,06-01-2005,15000000.0,Others
teledna,TeleDNA,Mobile,operating,IND,01-06-2001,teledna,venture,06-11-2008,10490000.0,"News, Search and Messaging"
the-porter,The Porter,Internet,operating,IND,01-01-2014,the-porter,venture,24-06-2015,5500000.0,"News, Search and Messaging"
tinyowl-technology,TinyOwl Technology,Apps,operating,IND,,tinyowl-technology,venture,30-10-2015,7665775.0,"News, Search and Messaging"
tonbo-imaging,Tonbo Imaging,Design,operating,IND,01-01-2012,tonbo-imaging,venture,05-08-2013,6400000.0,Automotive & Sports
toppr,Toppr,Education,operating,IND,01-01-2013,toppr,venture,07-05-2015,10000000.0,Others
travelguru,TravelGuru,Career Planning,acquired,IND,,travelguru,venture,29-11-2006,15000000.0,"Social, Finance, Analytics, Advertising"
treebo-hotels,Treebo Hotels,Hospitality,operating,IND,01-01-2015,treebo-hotels,venture,23-06-2015,6000000.0,Others
tripfactory,Tripfactory,Travel,operating,IND,14-11-2013,tripfactory,venture,31-07-2015,10000000.0,Entertainment
trivitron-healthcare,Trivitron Healthcare,Biotechnology,operating,IND,,trivitron-healthcare,venture,02-11-2007,11000000.0,Cleantech / Semiconductors
trucksfirst,TrucksFirst,Logistics,operating,IND,,trucksfirst,venture,14-05-2015,10000000.0,Others
tutorvista-com,TutorVista.com,Education,operating,IND,01-09-2005,tutorvista-com,venture,20-12-2006,10750000.0,Others
unicommerce,Unicommerce eSolutions Pvt. Ltd.,Auctions,operating,IND,01-02-2012,unicommerce,venture,07-11-2014,10000000.0,"Social, Finance, Analytics, Advertising"
urban-ladder,Urban Ladder,E-Commerce,operating,IND,12-07-2012,urban-ladder,venture,18-11-2013,5000000.0,Others
urbanclap,UrbanClap,Apps,operating,IND,01-10-2014,urbanclap,venture,29-06-2015,10000000.0,"News, Search and Messaging"
valyoo-technologies,Valyoo Technologies,Fashion,operating,IND,,valyoo-technologies,venture,08-02-2013,10000000.0,Entertainment
vardhman-textiles,Vardhman Textiles,Fashion,operating,IND,01-01-1973,vardhman-textiles,venture,17-07-2013,5000000.0,Entertainment
vedantu-innovations,Vedantu,EdTech,operating,IND,13-04-2014,vedantu-innovations,venture,07-05-2015,5000000.0,Others
veeba-foods,Veeba Foods,Food Processing,operating,IND,01-01-2013,veeba-foods,venture,01-06-2015,6000000.0,Manufacturing
via-3,Via,Travel,operating,IND,26-06-2006,via-3,venture,06-06-2007,5000000.0,Entertainment
vizury,Vizury,Ad Targeting,operating,IND,01-12-2008,vizury,venture,26-10-2012,9000000.0,"Social, Finance, Analytics, Advertising"
voonik-com,Voonik,E-Commerce,operating,IND,17-01-2013,voonik-com,venture,09-06-2015,5000000.0,Others
voylla-retail-pvt-ltd,Voylla Retail Pvt. Ltd.,E-Commerce,operating,IND,01-05-2012,voylla-retail-pvt-ltd,venture,05-10-2015,15000000.0,Others
vriti-infocom,Vriti Infocom,Education,operating,IND,,vriti-infocom,venture,25-08-2010,5000000.0,Others
vserv,Vserv,Emerging Markets,operating,IND,04-01-2010,vserv,venture,02-03-2015,11000000.0,Others
vyome-biosciences,Vyome Biosciences,Biotechnology,operating,IND,01-01-2010,vyome-biosciences,venture,12-08-2014,8000000.0,Cleantech / Semiconductors
webshastra-pvt-ltd,Webshastra,Internet,acquired,IND,,webshastra-pvt-ltd,venture,14-12-2005,10000000.0,"News, Search and Messaging"
wooplr,Wooplr,Curated Web,operating,IND,23-03-2012,wooplr,venture,18-02-2015,5000000.0,"News, Search and Messaging"
yatra-online,Yatra,Travel,operating,IND,01-08-2006,yatra-online,venture,05-07-2012,14500000.0,Entertainment
yatra-online,Yatra,Travel,operating,IND,01-08-2006,yatra-online,venture,11-01-2006,5000000.0,Entertainment
yebhi,Yebhi,Fashion,operating,IND,01-01-2009,yebhi,venture,25-04-2013,12000000.0,Entertainment
yebhi,Yebhi,Fashion,operating,IND,01-01-2009,yebhi,venture,01-01-2011,9000000.0,Entertainment
yepme-com,yepme.com,Brand Marketing,operating,IND,01-01-2010,yepme-com,venture,09-01-2015,12700000.0,"Social, Finance, Analytics, Advertising"
yuhi-hospitality,YUHI Hospitality,Food Processing,operating,IND,,yuhi-hospitality,venture,06-11-2015,15000000.0,Manufacturing
zinka-logistics,Zinka Logistics,Internet,operating,IND,,zinka-logistics,venture,25-06-2015,6000000.0,"News, Search and Messaging"
zivame-com,Zivame.com,Fashion,operating,IND,01-05-2011,zivame-com,venture,10-12-2013,6000000.0,Entertainment
zo-rooms,ZO Rooms,Hospitality,operating,IND,01-01-2014,zo-rooms,venture,20-07-2015,15000000.0,Others
zomato,Zomato,Content Discovery,operating,IND,10-07-2008,zomato,venture,21-02-2013,10000000.0,Entertainment
zoomcar-india,ZoomCar,Automotive,operating,IND,01-01-2012,zoomcar-india,venture,31-10-2014,8000000.0,Automotive & Sports
zoomcar-india,ZoomCar,Automotive,operating,IND,01-01-2012,zoomcar-india,venture,08-07-2015,11000000.0,Automotive & Sports
zoomo,Zoomo,Internet,operating,IND,01-01-2014,zoomo,venture,02-07-2015,5000000.0,"News, Search and Messaging"
zopnow,ZopNow,Groceries,operating,IND,13-09-2011,zopnow,venture,13-04-2015,10000000.0,Manufacturing
